rnn,xgb,lgbm,stack
-2.2993684,-1.9803499,-1.7981216090857228,-2.0691989759036016
-4.627736,-5.3491397,-5.921745502185766,-5.9657902439433474
0.28206995,-0.29831678,-0.5241375756499034,-0.4297871184674439
1.6820393,1.511297,1.5970065123197381,1.6297142981549526
6.848482,7.354365,8.228357248107097,8.15780664519451
10.4501,8.719051,9.60727584823445,9.310852862760989
2.3640015,0.806585,1.9009398537152704,0.7901833676305187
-2.7045305,-1.6973195,-2.6733075052912,-1.8074497892630739
1.91041,0.9793798,1.2149320523759524,0.9610895993699721
10.423176,8.574581,9.899009937881518,9.191956748001198
2.4724028,0.7312523,0.884958868240731,0.5635088125810801
5.377414,4.0525265,4.2982553233720715,4.234053821882459
0.5699698,-0.25335473,-0.2705187867903338,-0.3903924919894859
1.1656436,1.5593653,1.642472011855434,1.764020647624839
-1.8277009,-2.420298,-3.0921953085418594,-2.7864682743310727
4.181965,4.4273505,4.831786425223365,4.889728877221792
-0.8250147,-0.6614492,-0.6213384054118586,-0.6809621257583292
-1.3431878,-0.577568,-0.7384065278836752,-0.5272816242689171
1.4164134,1.0852891,1.4329709776408261,1.1776575923878054
-3.752488,-3.2518628,-4.412753005260999,-3.5888889460603566
-1.7210007,-0.9480015,-0.7974905388450744,-0.8883909589624982
5.4573364,4.2412825,3.0726908038710063,4.2767549447361946
-1.0858448,-0.539866,-0.848195293044253,-0.537093739515575
-1.4379699,-0.57095385,-0.07974634475315708,-0.4233581040271246
-0.07489368,0.49785087,0.5461507359759402,0.6358403180267336
-1.5395194,-0.29853544,-0.5835166330910943,-0.1710632158849506
-2.8471694,-2.7771032,-2.33410390218991,-2.936007714611841
1.3705804,1.0519274,1.2892140113453614,1.1294684317568315
1.6252913,1.4259365,1.2050157417990175,1.494526872925563
-0.55375093,-0.17474024,-0.21716354481332853,-0.13254545617689187
-0.66524386,-0.57683873,-0.4403643447834466,-0.5881845901150893
-0.20672032,-0.38105804,-0.55216886969336,-0.45316181251178345
2.3632967,1.748805,2.8273838807496863,1.9468669600782003
5.9555635,5.6013412,8.03313468638766,6.32860414041838
3.9564395,2.768106,2.9784304790174927,2.8581018070584636
0.5442505,0.5375992,0.6761481721561441,0.6054986344578946
2.0533655,1.7172674,1.919068429178499,1.8432537971183698
-0.18242067,-0.11510849,-0.05011101026374248,-0.10003540954532011
-0.9343041,-0.8447631,-0.9500299845528929,-0.9086482717314932
-0.26106915,-0.0942661,-0.15490669974370125,-0.07869035379810581
-2.7747893,-1.9381691,-2.618537395735755,-2.056180861648824
2.3439524,2.2570455,2.0763206747808107,2.416405432823276
-3.0161994,-2.6394136,-2.752450760451295,-2.811845416401833
-2.805905,-2.1509209,-2.339263791074258,-2.251409762300961
-2.558983,-2.6837509,-2.921068421320596,-2.9488510123889466
1.1687202,1.4026989,1.3157246898539876,1.5495619431237755
0.17507476,-0.09703608,0.25835985177328324,-0.09361297964487139
-0.46752876,-0.4440616,-0.7355339779476827,-0.5076088014232716
2.4281554,1.9756722,2.5857335730516677,2.157470808199363
2.112927,1.4328384,1.3813697230286721,1.4529830988657892
2.2632184,1.7091447,1.9256565939099222,1.8044213058039984
0.7901796,0.8878733,1.0977972862457754,1.0091974144240317
-0.15785754,-0.17525771,-0.14926946890200854,-0.18248948305282542
-0.0062600765,0.0027178405,0.020073024681818718,0.013093549131610305
-3.4022088,-2.8209698,-2.656271818758217,-2.9437341584746015
-0.17978731,0.29467675,0.17580324581620982,0.3803523708519362
2.052806,1.5338169,1.7712653346907048,1.6222422026414665
0.017908273,0.617795,0.48956836354838074,0.7475714364442426
1.4347131,1.061211,1.1389691704866458,1.1114591852243307
-1.7698292,-0.3587407,-0.37145000530108585,-0.17719677330484734
-2.2437463,-1.7812034,-1.4288663158363926,-1.8110881187507029
-2.9425144,-2.4172716,-2.535376212674817,-2.5501114062478005
-0.99067754,-0.90669966,-0.8224550204069867,-0.9527492454577238
0.8022732,0.1997917,0.13467530332785313,0.1267988297875089
-1.7781886,-1.6665797,-1.3509914999655055,-1.7428557463166472
-0.059428006,-0.020771993,-0.19423055711032075,-0.0319886579944928
0.26908,0.28717822,0.16401765236738589,0.3049420003296551
-0.0044508306,0.18996724,0.2251162570585883,0.24530832656503676
0.6179675,1.0902106,0.6720178269584606,1.2042598401036828
-0.19183543,0.40875784,0.143391510653261,0.5039832890672935
0.37509254,0.49489903,0.13386588511055855,0.5149640209870368
-1.433579,-0.93031836,-0.9231600570253397,-0.926697841004733
-0.47210962,-0.40414795,-0.47323799785238685,-0.4299188489207998
0.78741294,1.2306324,1.2224358422364354,1.4036556935677857
-0.41438788,0.407741,-0.1308606354684421,0.5009522780977844
0.04872688,0.3051839,0.22153091353814283,0.36427487015787074
1.0641941,0.83021736,1.1062317967452895,0.9065297958765391
-1.8487762,-1.9439226,-1.9656328664000302,-2.11593572238709
-0.7520541,-0.5851082,-0.5998391492706859,-0.6046544908734939
0.9143305,1.3599244,1.461432194214214,1.5578554488057876
0.45101407,0.74548686,1.0469469508990026,0.8952253986180619
4.762027,4.5660195,4.619275182102225,4.931272756035195
0.104462735,-0.26177362,-0.002816736394743477,-0.2979654026238938
-0.7900812,-0.86340743,-1.1735852040114774,-0.9784141065876076
-1.5473758,-1.6242396,-1.6339146506121878,-1.7654210857575006
-1.2156731,-1.6007398,-1.8644712141438442,-1.8169620129545698
0.39790466,0.5992347,0.5458758577685905,0.6785780976220656
-0.052723795,-0.37534258,-0.3241717855251192,-0.44072850615204684
-0.20520857,-0.07769741,-0.03275438279716343,-0.05322121527689978
-3.2990687,-3.1595943,-3.273373640607029,-3.410185275542475
2.9662442,3.2919743,3.2202356450199003,3.611641009514936
-0.53770494,-0.5306994,-0.9459224593999375,-0.6194243839290429
-0.53491384,-1.0259517,-1.290105151699777,-1.2098181422876055
-0.114528246,-0.027484149,-0.048876249259544154,-0.013076268084093682
-1.3934134,-1.6666949,-1.5133734004652648,-1.81966303755865
-0.53006774,-0.43823922,-0.5808186485797368,-0.47259456734173255
0.18741128,0.25012124,-0.11956304061161473,0.24034622453569998
0.008749353,0.028481103,0.17477044709781295,0.058777252988494406
-2.2049036,-1.3350785,-1.8686476814673862,-1.3795215783140047
1.2294962,1.5332285,1.9279051535074303,1.761691462900309
2.9767056,2.6439788,2.637832747166816,2.8215710601971478
1.1891401,0.9349719,1.0125758905495241,0.9921326301138256
-0.22159758,-0.129025,-0.19922111308751875,-0.1284039693907803
1.0857207,0.8383465,1.0178638263682878,0.9012523549518184
4.281825,4.563744,4.397405950750636,4.971117872481348
4.1349115,4.491884,3.772042354690698,4.834699671434869
-0.027693875,0.11542105,0.2584869483713613,0.17060461681530745
3.0007539,1.851423,2.290605534862351,1.8994739239022442
0.33789018,-0.009681934,0.17630853910581948,-0.03130025866354732
0.20784608,0.11975861,0.2086506109566944,0.13468118918534067
-0.53941643,-0.6585293,-0.5947258625546151,-0.7161665329216371
0.9267854,0.4510866,0.42371103411640093,0.42232429453382225
-0.8769985,-0.44667757,-0.6759785486921568,-0.4431245964874646
0.03736083,-0.15852971,-0.035205117731917354,-0.17824320994141277
0.23114055,0.51011115,0.7329453122368648,0.628084809149106
-0.09354377,-0.23623735,-0.16006873933098892,-0.2605721414846661
0.061299708,-0.21104619,-0.049768121323228165,-0.24155052218623865
1.8096722,1.55178,1.589278231314478,1.6547673287273326
-1.4099994,-0.82338166,-0.9015440450726506,-0.8093765382243385
-2.5417202,-2.134343,-2.840223164230503,-2.3346922875368867
-3.3691885,-2.5666997,-2.608538655088077,-2.6618616133900135
0.5069724,0.50765306,0.6747425218726733,0.5777149090536357
0.5555169,1.0611697,1.0771625818547972,1.232239275997798
-0.41732675,-0.68082386,-0.9232482026200267,-0.7999137303939349
1.1573589,0.61315113,0.9143294126203818,0.6291585567932779
0.90666306,1.0909325,1.598441224309232,1.2792347670904478
-0.494331,-0.5485473,-0.5042942241250657,-0.5899823257868307
3.6141307,2.4551077,2.186348981488801,2.4631067603056453
-2.8154492,-2.6996593,-2.634056372278299,-2.892840271529242
-0.90736014,-1.8571261,-1.4373165011924756,-2.091425851820871
-0.22124979,-0.34736654,-0.2523437443570601,-0.3761703646167478
-0.32210097,-0.2854693,-0.3600988791881269,-0.3066267698065993
-1.0495456,-1.230468,-1.4658996127389696,-1.3824143252140353
-0.093579814,0.19697152,0.01872725812831163,0.24014458248936008
-0.6212324,-0.34594682,-0.7572639716513783,-0.3795433689938691
0.0172352,0.49023905,0.5277891946556065,0.6116552941695385
-0.61216927,-0.19213171,-0.15577663775371045,-0.13548760386180786
0.8791573,0.63547623,0.7344625678390344,0.6718946644579212
-1.9509662,-2.0907526,-2.3143844579350508,-2.306903819711578
-0.63204837,-0.57713884,-0.4709975058165452,-0.5972200559092166
0.22331893,0.5344426,0.4715580200086627,0.6232471866775756
-0.47621983,-0.29026833,-0.5721332929448621,-0.3160248213597151
0.74017155,0.6491653,1.1170099016238857,0.7554009909163708
0.31709027,0.7562958,0.5206140943930949,0.8606134737778505
-0.262823,-0.28249297,-0.09161675523001576,-0.27827696578487415
-0.26826486,-0.4559961,-0.3703764790311882,-0.5040473481032336
1.8895187,2.3233242,2.286193091075817,2.5824100993598424
-0.6947798,-0.85891753,-1.0444978863818037,-0.9711767560345799
-0.50589,-0.9762745,-0.7339552090434601,-1.089342608890192
-0.32669365,-0.42481956,-0.14215980033433645,-0.43240900291543083
-0.22410396,-0.38671902,-0.23008137210274188,-0.4163993519211474
-0.014882939,0.20991947,0.35552197813389635,0.28524575977921884
0.51822996,1.387751,1.58297607837873,1.6617803305922183
2.3469653,1.818412,1.8497441231984637,1.9032611586983268
0.1477294,0.4358919,0.46755873724768576,0.5250041772618225
-0.53825283,-0.8369724,-1.41077318446848,-1.0158653637675348
-0.24530199,-0.6160203,-0.5720804351368907,-0.7094101619943246
-0.050831366,0.01973272,0.13402479920406418,0.0527140763974067
-0.24941069,-0.7097191,-0.5891617353423213,-0.8143953750215586
0.09782157,0.54773873,0.2141014362738983,0.6239321512146909
-0.46213067,-0.8983793,-0.6578194971463994,-1.0001832960094483
-2.1795943,-1.8213009,-2.305255547008677,-1.9748530717264465
-4.1731863,-5.3379436,-2.996650865078932,-5.652382360478749
-2.6117105,-2.155183,-2.189396098058573,-2.2656875478768974
-1.0081906,-0.11085413,-0.23417827427773405,0.002311005593335232
0.06333025,0.39224568,0.5349563394764584,0.4976329738473344
-0.121174745,0.32519102,0.0645960085599995,0.39149339072619826
-0.45576593,-0.31486997,-0.517061633510088,-0.3392560853720672
0.8379196,0.69012856,0.7691227305628395,0.7426151690822271
-0.27288955,-0.12323665,-0.23045615195287628,-0.1184364740509602
-0.46118104,-0.09694976,-0.25844299731836656,-0.06539365908318441
-0.14656448,-0.13248593,-0.24032478364174437,-0.1483636300727259
0.005728565,0.4557832,0.17457409269957555,0.5309197493984594
0.042663027,0.249768,0.031230346531620448,0.2800739717450512
4.2910314,3.5092928,3.9217017937063607,3.7459261101676393
0.8978969,0.8728856,1.1838233239941167,0.9877057390562364
-3.767797,-2.8523946,-3.1607696217260197,-2.988343690195309
-0.9702897,-0.8497743,-0.9909975712238566,-0.9140646548577143
0.1885503,0.3805243,0.2618417640061275,0.43206218898621196
0.27416375,0.42214164,0.1645693023511739,0.4532622810825444
-0.14646766,-0.2911556,-0.4284562602189889,-0.34718133851012456
-0.17937273,-0.059537813,-0.09483187913734807,-0.04475233395998016
-0.2808442,-0.1500981,-0.0180554906755693,-0.1202394745022411
1.6254958,1.689682,1.8621390753101952,1.868227876296569
-0.47226465,-0.31102046,-0.42043138933905505,-0.32045193739340794
-0.21390948,-0.4463205,-0.37878474385992844,-0.5023723679705521
-0.24245733,-0.30943272,-0.4432258299835144,-0.3551748589328566
-1.8952807,-1.8964074,-2.486392463923233,-2.122110952008988
2.1254742,1.7048317,2.159401954640718,1.8491759056937298
1.8676187,2.3799667,1.7685432801337027,2.583103103807747
2.521558,1.2326554,1.752372183116643,1.2188375829342122
1.4032756,0.91925967,0.8465556247646434,0.9226073689333872
-0.35108158,-0.20552467,-0.4037419918883184,-0.21961585478669426
-0.31086034,-0.6519388,-0.6591642795013933,-0.750416072568304
-1.1640255,-0.08906716,-0.05975986280827644,0.0710706528568194
1.5828747,1.4966972,1.559197014236864,1.6233498479986717
0.4870234,0.3073652,0.31623087572678715,0.3144764042706123
-1.7922701,-1.5647209,-1.7010610863853735,-1.6723331712278502
-0.44069895,-0.27725345,-0.1444717693429749,-0.2531176462788993
-0.08776995,0.060735524,-0.03426478932058857,0.08223713058220872
-0.9893572,-0.8478666,-1.140904481573684,-0.9280052102620119
-0.42341647,-0.65183306,-0.7117572863172241,-0.7404450246442876
-0.846379,-1.7914517,-1.5162520353117415,-2.0377609285307
-1.0059988,-0.6953206,-0.5719300874674352,-0.6856760758714794
2.7426803,2.2530804,2.6354217183185478,2.4239595826277576
0.87904596,0.87143326,0.6585504474483469,0.92286043029866
-0.042717416,0.060735524,0.04540541372556164,0.08565808451363503
4.393068,4.97319,5.270849604900203,5.516605984013402
-1.4309132,-1.1623088,-1.4401977227565204,-1.2481608319014055
-1.11242,-1.0596722,-1.2102214293214186,-1.1525409263395028
1.056057,0.6394927,0.5977604817087031,0.6332790410788294
-0.56075037,-0.8008045,-0.752706629553124,-0.8899625459600662
1.829879,0.845321,0.7877060658523735,0.7711924605910678
0.44972092,0.7636801,0.4634217269334344,0.8421808024511057
-0.13471818,0.16270232,0.12439526496343388,0.22160649339362573
-1.2032804,-1.0521067,-0.8000665487070546,-1.0793647584955892
-0.7763286,-1.0752691,-1.4391710465921594,-1.2476829886880492
-1.7862326,-2.0047512,-1.9017813479403636,-2.1842130341006887
-1.1758809,-0.9983469,-1.0532921553752388,-1.0558405424882258
-0.097777136,0.23204006,-0.02665083759832184,0.2737711914333891
0.118512966,0.4588463,0.3127192645869107,0.535163007658061
1.2077862,1.6828729,1.7750782496314863,1.9108662179620939
4.688227,3.2650669,4.0110073049274515,3.4294369035990466
0.9512633,1.0008993,0.8713208688787828,1.0819575712612646
-0.19932914,-0.123721085,-0.20527702315901533,-0.12656654834838224
1.2333575,0.8646137,0.8855077764075961,0.8920267915775016
3.8807058,2.860056,2.641817802989136,2.92839340363933
3.0473828,1.9590899,1.5173544690576057,1.914357160347626
1.1159388,0.15221931,0.29489937637756414,0.04853563402245456
6.5142756,8.200335,5.956543320452417,8.855158963589282
2.5019379,1.9533266,3.861415348915667,2.282296615125019
3.8436482,2.037143,2.7425159584978824,2.0380011531432167
0.57243276,0.20286374,0.05421853153978091,0.15369758752538049
-0.9697049,-0.5677903,-1.0410622937025493,-0.6091410402362264
-0.10877357,0.2539121,-0.03629319156497705,0.2983138889035528
2.169918,1.394445,0.9865545407670067,1.3526551224435135
0.4664212,-0.33101022,-0.23667847639906528,-0.4567242350313848
0.4023904,0.5070472,0.14882848316202965,0.5262625298815631
2.497188,2.1747916,2.412721812099359,2.345455818331033
-1.2610155,-0.6515683,-0.17657090027548783,-0.5504005462331851
-1.4603859,-0.93065053,-0.7495562676374964,-0.9013309073009237
0.8700187,0.56895936,0.6667465901385122,0.5912908275649259
0.32152402,-0.1807317,0.08624798170547225,-0.2290548837051449
-1.2632763,-0.6269773,-0.9634447694781038,-0.6217909825956562
1.0164032,0.7012616,1.0120749807852882,0.7593268425539627
1.367793,0.8344993,0.9405748831782155,0.8460380967851047
-0.74052554,0.53238684,0.05858842137583151,0.7100613049388872
1.8016149,0.9047343,1.3663615954956858,0.9136229600905436
0.8938134,0.4736916,0.9351329773869017,0.5163606631686328
-0.25759965,0.19785035,0.40720168070421425,0.3139151298767654
-1.4634453,-0.9540709,-1.1283622428612257,-0.9743346296413571
-2.8708563,-1.9582126,-2.253713654274812,-2.0184182134141473
6.28208,6.070755,5.72117737383869,6.508571510249224
-2.4004772,-3.1140578,-2.1770243056628344,-3.3535895306751993
-0.94999427,-0.9055499,-0.5523779059716397,-0.9234958150970242
-0.0056304373,0.56770563,0.7164532570767038,0.7242249367167488
3.6325147,2.2888942,2.091877162316757,2.2650543491547244
0.97598016,0.7579562,0.6200221862411082,0.7785674626682791
-5.4029555,-4.005054,-4.643844002001444,-4.208021752583346
3.6749427,2.3794997,2.2331387401559946,2.3766230008461915
1.3566753,0.76071036,0.7866719433301456,0.7468664790688481
-0.062514015,0.41303638,0.42495691359374815,0.5251699950296099
0.04829359,0.5302819,0.34142027994902113,0.6279017191067916
-0.7556717,-0.5897989,-0.7574320232690266,-0.6291048690884243
-0.7877391,-0.9177758,-1.2172013807186395,-1.0442575520749309
1.6533844,1.1224608,1.0426530984416917,1.134991927088342
0.5569205,0.6290428,0.3818002389357267,0.6676117540310434
-0.42055017,0.0332743,-0.18647900036119192,0.08146818624739088
1.9474492,1.2524047,1.2829374521926578,1.2656261253048846
2.6517272,2.4717903,2.48963543309059,2.660392260775797
1.5981508,1.6738455,1.5470477449234294,1.8151540971185058
3.320023,3.5934439,3.4676770984524348,3.923798588667674
5.656364,5.417645,5.550787538239859,5.8576711120124365
0.31841737,0.21013822,-0.05840048279860937,0.1847304116579835
-0.8388122,-0.83913404,-0.9519295564763167,-0.9166393511999262
2.9888325,1.6458466,1.5556436984281763,1.5819229625255176
-0.16513309,0.018644644,0.33407615171612637,0.0933665993582964
-0.38895354,0.023918174,0.09698269821392456,0.1021342517563398
-4.52521,-4.5811496,-4.098966687539614,-4.903926406130312
-1.6743213,-1.3088032,-1.272062909849047,-1.3531584809767847
4.020511,2.2473824,2.7920926208575048,2.250458669366572
1.3786316,0.8103424,1.165333331064804,0.84602480043835
-2.3811584,-1.6170892,-1.499837176584718,-1.6187315816350698
-1.2476007,-0.7030069,-0.9309010732282982,-0.7039284830123047
-1.7631054,-1.4258627,-1.5846289632695694,-1.5086752157306809
1.6598198,1.9935169,1.384673613089046,2.1386376300212167
0.4346649,0.20217106,-0.12866321858582802,0.15010425060441746
2.8328722,2.512887,2.846112568061148,2.724057545033338
1.1258955,0.91210735,0.9342198698258289,0.9662959412530309
0.9100802,0.7865191,0.33949615955945195,0.7844910270236697
-0.41365227,-0.40179923,-0.5355324695789389,-0.443703069625316
-1.9509425,-1.6386025,-1.6367796717628955,-1.7226114327946258
0.065205246,0.3051851,0.4195727243953414,0.3867495141792211
-1.7980711,-1.9170356,-2.214319165105361,-2.1249163323664724
0.6703995,0.60790807,0.6746577299373885,0.6644791083346904
-1.0513107,-0.6329961,-0.41603903820637217,-0.5906575469714332
-1.8557178,-1.3754003,-1.4431061626805695,-1.4216391996066111
-0.7794358,-0.73014325,-0.7369684062976289,-0.7779927473450007
0.0050099767,-0.04155601,-0.34907285052482007,-0.08381366103629218
5.019649,4.574643,4.575331267197539,4.897591555719511
1.2699238,1.000802,1.3094400669379134,1.0902913284806748
-5.250964,-3.804334,-3.4978367309034057,-3.864671920957078
0.8937865,0.4717293,0.4382593514973515,0.45176743989345824
0.7582372,0.7585292,0.8373227797582562,0.8383503923449622
-0.3366949,-0.19326377,-0.15206415557978414,-0.17656183716319118
-0.25617918,-0.2012617,-0.3996615794781744,-0.22827745337322974
5.805139,6.5084314,6.443761962867975,7.152298092101926
0.2724173,-0.19782735,-0.1528269050932964,-0.27078460176543884
0.043154586,-0.07731738,-0.5507544756608932,-0.15421266102433528
-1.0196986,-0.5989583,-0.735988837727438,-0.5979055603378757
-6.2855153,-6.9367943,-6.924823072664262,-7.602067708509154
-0.99105495,-1.888648,-1.7030009099960342,-2.147366168392233
-2.0794961,-2.157518,-2.417226253465773,-2.3747331772165867
0.21088925,0.29627126,-0.10516209163286842,0.2896696583053726
1.6365167,1.6141614,1.6286713212104316,1.7539094310410412
-0.8464858,-1.0192757,-1.1395620557411235,-1.13796207485616
-3.4762242,-2.726293,-2.1611930220573825,-2.766183787036147
-0.24832585,0.82950556,-0.06735513277875155,0.9502554221833966
0.35513756,0.53704506,0.8737836916271231,0.6573789600200519
-0.15673229,0.2156703,-0.11587201560127207,0.25311198791123374
-3.590484,-3.76188,-3.241266386825548,-4.028429180967355
-0.44988,-0.016095351,-0.8364863562279247,-0.05041594376160554
0.76606065,0.99421465,1.0448998034939911,1.1234754751023126
0.2255714,0.47236463,0.4707624208449917,0.5542860453380226
5.5049553,4.9796777,5.304072741435774,5.36531778458191
2.6656866,2.1510718,2.176036996838534,2.264886619266172
-0.27720493,0.4169753,0.5344420519598658,0.5746756686468939
3.0754595,3.2518156,2.9564812203909745,3.5181933785937196
-0.036145095,0.3341689,0.17366336962279738,0.4026722070293165
-1.8321099,-0.9686291,-1.3344796066790203,-0.9623834454258509
0.80480087,1.0321163,0.9584418319583876,1.148788085341304
0.5630631,0.2749191,0.2219062424555514,0.25568389887634607
-0.460428,-0.46350825,-0.7257708794733969,-0.5288890098766358
-1.1141107,-0.7072989,-0.5266175934877119,-0.6773937703673918
-0.5443415,0.18384592,0.4162796891023193,0.3415343370662348
0.37080288,0.41461805,0.341452138933585,0.45304690910097545
2.9101284,3.0725362,3.1211893615947885,3.365152289070296
1.1443511,1.0372782,1.2796210870993012,1.1451792190250705
-0.24062622,0.75699085,0.5047567679712397,0.9409601036992916
2.960501,1.9535596,2.4632575702341546,2.039809552259104
1.9641349,1.5614,1.331461904635918,1.6104018370993138
3.1953382,3.0881836,3.1719821207359136,3.3470935444074508
0.502621,0.54057956,0.4955458485548461,0.5921853696697013
3.4126453,3.0104988,2.9215671595977293,3.198085013920545
0.056032866,-0.054579876,0.11634472670258143,-0.04717566276996943
0.13212255,0.53343266,0.6257689214592049,0.6548468445548258
-0.04732875,-0.5131862,-0.2470805940720427,-0.5840054496670315
0.8187931,0.62630725,0.5524328982401848,0.6477297930214152
-0.2949737,-0.5107778,-0.29071762652712874,-0.5506088824983277
0.5967221,0.67804444,0.6071576190773537,0.744201867522147
-0.74011725,-0.46838477,-0.149658653623162,-0.42097812467590623
-1.1790422,-1.2829342,-1.1531985396625093,-1.382104719099769
-1.3248739,-1.1357071,-1.025242758692356,-1.1821649396371918
0.2648402,0.752843,0.8890478612037193,0.9107365681079856
0.3885009,0.69658005,0.6462141396673589,0.8000263205346453
4.923898,4.544327,4.848887141745347,4.9124995511829255
3.9256847,3.5138543,3.195632903213804,3.7131688257522066
7.7589107,9.475924,8.361326407776165,10.383474921268125
-1.1976405,-1.4276971,-0.0756978510978915,-1.4038121771690522
2.9002364,1.7560986,1.8880866293484184,1.7583656830336207
0.047058985,-0.15831648,-0.3096042786687731,-0.21390378310427513
3.4095213,1.948606,1.9787573106539267,1.9077909419562749
8.782363,7.9222765,7.451495142315775,8.404299070658059
-6.7692294,-5.99438,-5.298211791312092,-6.286550456576502
0.1299911,1.0372062,0.927354190506768,1.2491988843514812
1.5041184,0.92444336,0.8778451831154293,0.9175121258404557
2.08543,1.8595074,1.8062715892622845,1.9814190572034736
-0.30665958,-0.2997893,-0.6090908215058555,-0.35597916044165656
0.13976589,0.6523763,0.49935646651351967,0.7691548121933566
3.7270126,4.731186,5.10171678354849,5.325609119720263
0.6296077,0.31493744,1.3656806735692697,0.4338420212876398
1.4213636,1.0823239,1.1052109683004605,1.132477927404129
-1.2742233,-0.77484196,-0.28621192204844625,-0.6983343447969115
-3.1122904,-2.9434707,-2.493819612695069,-3.1009623709219016
-5.220792,-5.209643,-4.531742946735419,-5.550400457001731
2.0789132,2.847847,3.4599039589043152,3.281236175699482
0.08456186,0.018835941,-0.6024342176745213,-0.060612690348480824
-8.347875,-8.46677,-8.884941543103967,-9.23574571703153
6.871234,6.4511356,6.795508121404593,6.977314361326168
1.223586,0.011156821,-0.7478025073768866,-0.2539492345859069
-4.8945084,-5.2542644,-5.578170343845107,-5.778863979875439
-1.6215879,-1.3189242,-1.3346690220835262,-1.379910763221247
6.678068,4.2922072,5.9130206156180085,4.511309310779023
7.2859864,6.049241,6.484545245414357,6.43390449431066
1.6538527,1.3479979,0.5708254318840051,1.3246239418759986
-0.8940016,-0.06825641,-1.053013376659305,-0.07024848528546875
3.1409285,2.2460504,2.2764373102507,2.3128454041191424
1.0526854,0.63954145,0.8245249779647751,0.6623183509892828
-0.724319,-0.58693486,-0.42502905699614985,-0.5887631596916149
2.8516078,2.8358552,2.9109691505962534,3.086011052704459
-1.6717627,-1.3675648,-0.9719832351430753,-1.3806990714493126
-5.952242,-6.0280733,-5.8195210174799685,-6.5087405109241985
-2.5826733,-1.9325066,-1.4959407906339293,-1.9369772776716123
4.320488,3.9443984,4.502460056259415,4.294928595158289
0.24882486,0.0669869,-0.018939322842911565,0.041833580771538946
0.5028327,0.802298,0.6673846056645291,0.9026727616353812
0.76922,0.4138105,0.28629235948727844,0.386952135300628
4.4150496,3.6917634,3.941123528978943,3.9316680674696918
-2.9945679,-2.048004,-2.1067487200094246,-2.0809845724181417
0.5385309,1.2260455,1.645444922508541,1.488143404204436
0.09025736,-0.088874005,0.04188513802647881,-0.09939641581706234
-5.161127,-4.376998,-4.412981641739982,-4.624996460247032
-5.7679443,-5.093998,-7.535380789423472,-5.720105242577371
1.0765885,1.2605393,1.0956545849608286,1.3784471288450404
-2.8671703,-2.3212917,-3.4677357637660235,-2.5723215281228367
-0.9602288,-0.46949118,-0.5055265311740943,-0.43471984044830314
-3.9350817,-4.6375637,-4.596476522321593,-5.115028547769972
1.4502493,1.9349738,2.1729451869799243,2.203704333807748
1.969018,1.5044583,1.2462331844474392,1.5361173429325394
1.3396814,1.2334124,1.4862670826944482,1.3590994366233131
0.089032605,0.19292389,0.2525047546412142,0.2383407305481306
2.3243637,2.6319091,2.6510512131155766,2.905319110067545
0.3307308,0.07528307,-0.3085744130046653,0.0026207799099139924
-2.5407178,-3.2228713,-2.9642329714841735,-3.552114581055148
-1.0623965,-0.65958923,-0.5163352970996414,-0.6309959132926433
0.35594848,0.36718535,0.14182509468581073,0.37777301459933477
-0.09459708,0.49911278,0.3660377996467025,0.617484543332806
-1.0125493,-0.22943884,-0.34639059666115285,-0.14206371805033874
0.27875134,0.74894476,0.6510303971790292,0.8744921244357761
-4.719842,-4.712301,-4.728879699168218,-5.099392328670319
-3.485741,-2.5333703,-4.750047118381537,-2.8770949688596503
-0.41908634,0.33364266,-1.1668479639277798,0.2896686560770312
5.9203534,5.963241,6.918435973389176,6.593218818937292
3.0944445,2.2461286,2.3384736502766983,2.327525196429408
0.61489046,0.89405495,0.6022501016639068,0.9793953839147715
-1.5710998,-0.43394718,-1.179014193958333,-0.39075638961416537
-1.5976536,-1.2577132,-1.7183765090253182,-1.3640485951570192
-1.1728029,-1.1536893,-1.041777448581731,-1.2263360078303362
2.8452327,2.6271026,2.579010699932459,2.814778765429445
-2.419563,-2.234059,-1.8323803239249248,-2.3360091507997405
-1.3046329,-0.7516809,-0.653267090980592,-0.7144372079780408
0.37988734,0.58377045,0.6213283528173684,0.6736217770507864
2.34196,2.030625,2.2052509053253804,2.1829370264873518
-0.82534736,-0.4772088,-0.763478264200654,-0.4953785289090663
6.231106,7.305467,7.091482631649676,8.05127773777744
0.43478954,0.34397233,-0.06306862158418752,0.3148710464501491
1.5865269,1.3568885,1.5170401419503416,1.4631753064627315
0.27199015,0.3265908,-0.1326568283109684,0.31075001291685767
-2.0243673,-0.96332204,-1.1956952227494537,-0.9109671283395123
5.737069,6.606732,6.938524916649965,7.332939650866085
-0.821857,-1.175507,-1.638948514745819,-1.376784299165946
-1.4461942,-1.5017235,-1.7626128261427254,-1.6611374461010457
-2.104129,-1.3418657,-1.353528916930901,-1.3370303782484008
-0.2168138,0.64797366,0.6234583450880921,0.8320409708988631
0.5470749,0.7753891,0.8276638319190046,0.886634097253503
-0.69312704,0.080700815,0.10354216683594024,0.21013281131172007
0.627974,0.7645678,0.7383443121371798,0.8516327341823962
-0.8376551,-0.23845263,-0.2770242029036145,-0.16887895807255224
-1.7326815,-1.6466607,-1.968796863753144,-1.8051473531570568
-0.51093787,0.052094616,-0.25292445333026364,0.10711653695541985
-1.3582058,-1.5579151,-1.5270470496216588,-1.706441798344475
-0.28947896,-0.31783167,-0.3854528898973615,-0.3503105716264049
0.04664972,0.4189425,0.14848301635144406,0.48098562207005635
1.4881902,1.2351602,1.2958361086307555,1.3153809173152864
3.710924,1.8419809,2.4044054251825275,1.7994792201737537
1.3508551,1.0328314,1.0037375797828072,1.0754028296952227
-0.8147833,-0.8313796,-0.8608063420076493,-0.9001438207036192
-2.8218403,-2.3847437,-3.2272481217128,-2.6187834965392156
-0.4346001,-0.8543572,-1.0387982751991187,-1.0034801068395032
0.21558893,0.17414188,0.04708097379890199,0.17328499838977285
-0.054302678,-0.04585767,0.036600283562143406,-0.03142865104736114
-2.5233986,-2.5032952,-2.434341085816071,-2.6936833583375632
-0.40435204,-0.45669058,-0.5888273858338113,-0.5123576606797626
-1.5521648,-1.5657524,-1.849127847928098,-1.727193978183387
-1.5535502,-1.4867064,-1.3810559023874502,-1.5809155431009938
0.08631507,0.3442092,0.259689434110012,0.4066541910482734
0.4303248,0.21223743,0.2716199361107487,0.2121464445039508
-0.24846122,0.05030731,0.08248886085692238,0.10889730762997937
-1.0548918,-1.3892807,-1.5640252872957818,-1.569284773599636
-0.75475985,-0.46288422,-0.7564657157602007,-0.4890077785220509
-1.0724245,-0.36681676,-0.4707620308374802,-0.3005933153996687
-0.8035803,-0.3806274,-0.43531159024021504,-0.3507067068363733
-0.20980367,-0.03269817,0.26388617937282643,0.034400422215218815
-2.9469297,-2.494514,-3.0500484346314285,-2.699405479835539
-2.1650782,-2.3482766,-2.992772493207729,-2.645122177980325
1.8754953,2.0136564,2.30751819161232,2.2452790387487678
-0.36440828,-0.07742933,-0.3125382586463544,-0.06479477360151305
0.39216158,1.2707181,1.6383357730045518,1.5579750405791104
-1.1127167,-0.69522727,-0.6451086989742979,-0.6791591528222916
-0.33103213,0.15904793,0.34704585593247544,0.2742605637451869
2.7996845,2.7350972,2.677683574373397,2.953060547309497
0.6790154,0.7166582,0.6408651682579539,0.7790290021330741
-0.6263365,-0.80754274,-0.6006127566201309,-0.8686984783493337
-2.0330834,-2.0338929,-1.8774723618880111,-2.1772255044155244
-3.5971076,-4.2371883,-4.441612377294485,-4.703003185368682
1.4474005,0.3949427,0.5063346326822331,0.2945796904972734
3.3725996,2.97524,2.910502679320414,3.163627542061511
-2.4475462,-1.086842,-1.723243169899043,-1.0517191647510513
-0.74273723,0.26749653,-0.47466466881951647,0.35095406818234043
1.1866976,1.8073602,1.788608644018404,2.053079951369528
-0.010690305,0.3473898,0.3636776188362693,0.43741931444086113
-0.6447565,-0.8264847,-0.6529354773287843,-0.8934897620012692
-0.008169377,-0.13636917,-0.1852335066643151,-0.16597021372620852
1.958668,1.7399033,1.6557337994491625,1.8490061980748116
2.079273,2.0821402,2.1495212229912295,2.271226127076552
5.410666,5.9769955,6.389162179870933,6.616448289981977
2.2715456,1.7823724,1.9301183916385691,1.8846045241811191
-2.024406,-0.9476565,-1.4670637657718433,-0.9277640585045294
-1.1301734,-0.8490311,-0.9296081646446239,-0.8821461284957623
4.176916,3.907119,3.479514823558332,4.146242098558439
1.5172806,0.9445067,1.033373247004588,0.9572778843921157
1.7654485,1.8016306,2.045051854391568,1.9943279005476062
-0.6670864,-0.035344947,-0.551447971155146,-0.004083792381037272
-2.1351874,-1.4201669,-1.5824871845679227,-1.4476973322748998
-1.5681021,-0.23834118,-0.3861385652321829,-0.07563049605092424
-0.07478926,0.19258237,0.34388122658965725,0.27340554274919004
2.800519,2.219723,2.1372592092662757,2.3160820046202324
-0.08362573,-0.2527442,-0.09651351148328592,-0.27226015100343504
-0.57096684,0.1201982,0.09469305276522287,0.23475738060649204
-3.1878376,-2.4691339,-2.159211000646323,-2.524220173645206
-1.6466568,-1.8445705,-1.9461849195252783,-2.033373197755621
-1.9753335,-1.8093722,-1.3552744734342053,-1.8721969144262582
0.96959585,1.106339,1.049189158704931,1.2180263268548266
-4.3099666,-4.334307,-4.235711156870315,-4.680084868175175
-2.730992,-2.5375884,-2.3159056910731928,-2.686297967182617
-4.9743967,-4.9803724,-8.176894204248086,-5.791335879547888
-5.5542817,-7.1391244,-4.207456899089022,-7.590953100609384
2.0335112,2.29064,0.321871132930437,2.2784559212405835
-0.5563695,0.121636964,-1.9012603630617342,-0.01657550982388352
10.254472,9.415548,10.251049406681812,10.189260232156567
0.28297308,0.6572242,0.6322107455919543,0.7702539592644735
-1.0501142,-0.13330884,-0.47338622384705165,-0.046402248011720465
-3.1294909,-2.7842996,-3.5497635667714644,-3.0554042850021452
0.20499092,0.21991944,0.34085376705486053,0.2622835274893268
2.577708,1.8095597,1.1007890914795493,1.7656359315828791
-1.0501457,-0.6220535,-1.511112407402867,-0.7163407819131236
-1.9975829,-2.3318655,-1.3609332978751836,-2.446466637250487
2.2722933,2.584529,1.9485747226044123,2.772364680418726
1.0041697,1.3145256,1.2525530946052668,1.4683518471780668
-1.6141253,-0.37721765,-0.05357391559375895,-0.18042765073121067
-1.3851458,-0.17432746,-0.287316763967332,-0.019304313526038876
-1.8114171,-1.420871,-1.6619762705746908,-1.505817022267744
3.151788,2.31853,2.0266931607882044,2.359892282461479
0.55275106,0.6725155,0.5205443509618061,0.7336466336502399
4.561678,4.578011,4.184951637803465,4.919242398140304
0.90365565,0.8835567,0.586725328428234,0.9236202246984035
0.8327355,1.2591988,1.44741127038213,1.4568305522710405
-1.8498096,-1.6070532,-2.0431795374571218,-1.7536369377368521
-6.461037,-6.2360215,-6.052826171954787,-6.69320511954593
-1.723109,-1.3966076,-1.7943397337910953,-1.5085782459413215
-0.8504642,-0.69133246,-0.38268902827951,-0.6802442112548323
-1.3258402,-1.1565502,-1.3755555264753172,-1.2490493874957564
-0.7653395,-0.40199912,-0.37458152464992894,-0.37226281693893115
-2.9289646,-2.9730897,-3.7256590785113146,-3.3152512179752933
2.3629503,2.0475485,2.281614561446803,2.208144683395381
-2.5530946,-2.5074968,-2.2958858408521547,-2.676581947107363
1.0552361,0.31519696,0.5230251316371706,0.2659985805391969
-2.5520647,-2.299948,-2.1916207324576527,-2.4345058667962602
-2.975572,-3.3986614,-4.52684014198069,-3.8789157025776064
-0.30718404,0.20671588,-0.2689211146914627,0.2460015452614227
0.5574432,0.9550943,0.6382941002562705,1.0597115769231933
3.479745,2.905975,3.111881286104066,3.096793308692811
1.8274968,1.2857215,1.5119394394771855,1.348724431225936
0.035554536,-0.086372495,-0.02113331822714116,-0.09655209527662816
0.61244553,0.54879075,0.6610251202360212,0.6059792838103282
4.028645,4.1090994,3.94764753822249,4.4497265634688565
0.5628292,0.41943192,0.3902933189905971,0.43641219750854476
-2.486149,-1.4491476,-1.4103245551338957,-1.4067274464831143
-1.5145502,-1.380294,-1.4717202286476407,-1.4805361501852086
3.1848583,2.526625,2.7401639753184113,2.6744299434231604
2.573671,2.217099,2.1533431032810437,2.3483848959254363
0.25407973,1.0424964,1.2917778263310005,1.2826787660045729
-0.3502764,0.76088035,0.7258446077755247,0.9890705277424189
0.41201547,0.59924304,0.47146188154456714,0.6671735425871003
1.1897547,1.1604468,1.3114133266383756,1.2785065515069178
-1.2075591,-0.90713376,-1.063014755836903,-0.9517330123855628
1.2592311,1.0124159,1.0897473081733944,1.0770726854268535
-1.6677569,-1.2539028,-1.385329171737641,-1.3077422176731355
1.8163077,1.7059189,1.4454833675858942,1.8058929315910213
0.93180394,0.80192214,0.6533862360301752,0.8377575223367325
0.025839232,0.61735916,0.41877341079679875,0.737035116613656
-0.4187559,-0.56477094,-0.3657844957232861,-0.6015428342378987
-2.8266985,-2.7432914,-2.262911527683239,-2.892729698106424
-4.2255754,-3.5937865,-3.6737596446470877,-3.804313352395794
-2.013623,-1.498237,-1.5424797336471627,-1.5466370495475108
-0.3178778,-0.23266162,-0.40985925515337923,-0.25519903448355685
2.1304224,1.8083591,2.2748437227561955,1.9772475048305964
0.64513946,1.0125664,0.8768995061509519,1.1403123358414644
0.9782306,0.8666927,0.5262884233511956,0.8865019181630789
-0.37484434,-0.34954613,-0.5507935701606006,-0.39361119957563195
-0.40164438,-0.44466183,-0.6107074178121716,-0.5022235619977499
-2.102178,-2.3293662,-2.1772152418453903,-2.530972989041903
-1.0434108,-0.612618,-0.6306184222612191,-0.5962777122664584
3.808945,3.4207208,3.4049235681564087,3.6537242169920443
1.7472342,1.5759821,1.6830405063520866,1.702398720079005
0.17090899,0.037604652,-0.18309144433209024,0.0001674057031963161
4.9774666,5.089173,5.452903113105523,5.582047073299221
2.6878076,1.5413011,1.57638842500208,1.5131432098425186
0.26465604,-0.17100535,-0.17087440663717576,-0.24230658217728138
-0.09715778,-0.38448727,-0.5065158594030901,-0.46723602344881066
1.1041881,0.74214697,0.869547479697486,0.7737151265825817
0.3932464,0.38950944,0.4764715379118841,0.43901018833074335
1.1238052,1.0376079,1.1160164675049782,1.1279918048462836
-2.1516821,-1.0562359,-1.0957979803571052,-0.9823676065637078
-0.8500312,-0.7931615,-0.9121822848198557,-0.8592523845305192
-1.2671812,-0.9164919,-0.5090920033443351,-0.8837448239423968
1.7907094,1.1798033,1.3169094928948677,1.2126701859132574
-2.0896926,-1.2011096,-1.9885450951701538,-1.2635406358858512
-0.6848951,-0.14891584,-0.2053730985432133,-0.08337368097633241
1.711146,1.1313533,1.3050538281860076,1.1693305521968307
3.0254285,2.1204798,2.1661885803683596,2.1772608761784484
2.8387213,2.2978706,2.3725840451961795,2.426334517430058
-0.5374703,-0.41622296,-0.399516703420625,-0.4244266490032653
-3.1418023,-2.6142504,-2.898143421299583,-2.7840013979634097
-1.5576885,-1.3754011,-1.803439929285566,-1.5105049371092472
-0.39658377,-0.5248898,-0.3852822632541054,-0.563208339082059
-0.5894445,-0.5777758,-0.5426602003209317,-0.6131586844205948
-1.1122999,-1.0092235,-0.8120444626801216,-1.0468350698346205
1.3527278,1.3844713,0.998961805922322,1.4627259894448175
7.8386817,7.9679694,6.9438877410201725,8.528985864182873
2.6469357,1.015327,1.242146741876572,0.8964689812636181
0.2260654,0.61386466,0.737460045488273,0.7439343162820102
0.44906488,0.95248955,1.0324251982991999,1.1222090222756345
2.7238169,3.7593255,4.207874849786475,4.287130778465974
9.50476,9.566245,9.830469757303415,10.412432102536552
0.61534715,-0.41445863,0.691335178554511,-0.45402763281582004
3.3153055,2.7581358,3.462885660795017,3.001738018725339
-2.6687272,-1.9255697,-2.1675462114608797,-2.0011183658601106
3.9785237,2.181281,2.6785610944910623,2.169361476258678
0.29113916,0.23564652,-0.11119410556582225,0.21024695048001094
-1.1696981,-0.2485299,-0.341879559698586,-0.13958809297294944
0.41515455,0.36103144,0.45801164622125845,0.4020478314793168
2.0236425,1.8829534,2.026727304566836,2.0440392229455315
2.038534,1.9123403,2.1086277886362033,2.084593784741353
2.9167476,3.442299,3.459698567670772,3.8149209356406413
0.5925209,1.4437249,0.8795119073432679,1.6243191798303303
-0.74926007,-0.07580382,-0.2930138798078434,-0.00425856247926009
0.38301224,0.17709601,0.361789175068693,0.19160111245569061
-5.366131,-4.8097324,-4.397746720825727,-5.070820851384767
-2.7099895,-1.7395593,-1.9944470400964243,-1.7679854639291528
4.879309,4.0329623,4.394759150833542,4.297434154506646
0.9356421,0.77701515,0.9714637427021698,0.8496653605318696
2.6804287,2.020885,2.062193375832609,2.104704982533164
-0.626811,-0.4788879,0.13929621651797236,-0.4128389526094932
0.39600646,0.99230474,0.9867676633055329,1.1681870735091735
-1.9673495,-0.92502934,-1.5255726562245537,-0.9184810860844721
-1.0313855,-0.61596084,-0.9039526094625436,-0.6360705706670879
4.066866,3.2139616,3.89583155820962,3.449427553872502
-3.248435,-2.947387,-3.251257848228681,-3.180543322778599
1.7360233,1.479775,1.435258701985535,1.5666962618215183
1.2432243,0.7549442,0.5247045403461661,0.7241787305210802
2.634614,1.8232871,1.9031342664758473,1.8732799386092103
-3.197236,-2.954927,-2.6424334685846365,-3.1198583975102636
-1.7815378,-1.0560955,-1.1676853457017977,-1.0453824413997017
5.112785,4.226125,4.639589610495292,4.507292269180643
1.5416903,0.3099262,0.08859198403011397,0.13444558755423114
1.3870268,0.8950927,0.9707288351828739,0.9139065684050762
1.0586497,0.52447045,0.48676600207820536,0.49197346781284634
4.3782086,3.7693837,4.12191880609314,4.045462714283302
2.3521304,1.8892108,3.133654587098326,2.141984914310898
0.22322342,0.48689976,1.0151285444454383,0.6390738449219249
-4.5919714,-4.3574753,-3.9882560798036364,-4.633323393216469
-5.1094065,-3.6919615,-3.5790663006384182,-3.7715275837002924
-0.39142153,-0.14824647,0.21639656112822075,-0.07256400113020382
0.19624332,0.5857533,0.03059683303853564,0.6284467695225298
-2.5879405,-1.8002527,-2.045140952309877,-1.8592091498407988
-2.187457,-1.6082801,-1.4126282836920845,-1.6263799103761838
4.7029786,4.6658792,5.061600162198418,5.105727459932042
1.772676,1.4656583,1.1819349574266231,1.5139217362781485
-3.1497734,-3.6163752,-3.570089659624488,-3.973571679368783
-3.1319408,-2.9897773,-2.8344574174150794,-3.1920092680631056
-0.3159438,0.10359832,0.06322143791840443,0.1751776857178784
-2.5063176,-2.1106808,-1.863616557269655,-2.1910402035950147
-2.4858627,-2.0403051,-1.4208072952729796,-2.0607020465329455
-1.5646181,-1.3180575,-0.5706022764757183,-1.2912834761226273
1.9210732,1.4160753,1.4222726155832723,1.467677198167746
4.122484,4.111972,4.15301068844897,4.46497605033181
3.386795,3.2079704,2.855147786499838,3.4115216687842786
0.6569676,0.5222439,0.5129240466538392,0.5515522702235133
-0.08640562,0.7698579,0.7528055450607857,0.963775146626462
3.8793073,3.8709443,4.275054973688802,4.249792357496471
-5.0433164,-5.0715156,-4.7830427582684205,-5.455445864771321
-3.751725,-2.6745887,-2.676374869196444,-2.7335404897755606
-2.8160434,-2.8152602,-2.530702637332714,-3.0073861911134983
0.78379285,0.98160386,0.8690198485570637,1.0848612727767872
0.7624556,0.88772625,0.8196426550474453,0.9781406185407614
-0.48347336,0.2966918,-0.1464913419286285,0.38649865684729345
1.0706773,1.5335511,1.5661581968409357,1.7398239399437434
1.6501553,1.2757084,1.7606570856183195,1.3948590583162228
3.685483,2.870998,3.9969608919769257,3.1392963951653994
1.3723316,0.7767696,0.3729634484078809,0.7103239800629407
3.9444659,4.1202602,4.277098814239732,4.515754459612979
1.4188652,0.65792435,0.8389673193094204,0.6308694749931868
-3.1119115,-2.7171001,-2.0228157592415794,-2.7919328493946924
-1.4405857,-0.27090305,-0.8243424710494743,-0.18528729805073915
3.7527137,3.7402785,3.348605401891204,4.007651970338803
-0.3410945,-0.8284113,-0.5130254850513206,-0.9224510190991768
-0.6818388,0.039979428,0.4969340089626258,0.21295555669862273
1.139221,1.0442294,1.107866642925824,1.1320229477669421
-0.12495848,0.14492539,0.2684489711834354,0.2186539352688294
-1.9135941,-1.7731756,-2.3210903480378073,-1.9626194450708094
-1.7630074,-1.6962806,-1.6521884487039944,-1.8157093864592884
-1.8836731,-1.433326,-1.5850586010998047,-1.499334180644318
0.95384866,1.3187314,1.9795973257758976,1.5717060527719164
1.633241,0.99325645,0.8262312374636457,0.968108510427491
-1.9866201,-1.4449235,-1.1885229642380808,-1.4472566997033518
-2.3599324,-2.174113,-2.1188945889429793,-2.31455231081574
-2.940629,-3.3675122,-3.023674102776487,-3.660770204423407
6.773498,4.719876,4.383696252097628,4.777326118285729
-0.07767238,-0.48046592,-0.09290077216805999,-0.5240731287057085
-1.6566845,-1.3629214,-1.4625640062470329,-1.4394183933709015
-1.2113982,-0.6742824,-1.140799113620494,-0.703885769746873
-0.57212275,-0.34757614,-0.45642029069351403,-0.35072466166052163
-0.44491544,-0.05520094,-0.23755918998720357,-0.01905955443803989
-0.9550314,-0.30461186,0.222941624679449,-0.1619293961180417
0.07871249,0.59128314,0.3356660463417917,0.6900727027778002
-1.7471682,-1.1656932,-1.3165571465063728,-1.1901063888546652
0.40313536,0.69399714,1.1138077307134144,0.8537863355151502
-0.63126266,-0.6423976,-0.8516079559790496,-0.7172008446642483
1.0995728,1.3066442,1.6025239441200179,1.4896703023489726
0.32132885,0.4408719,0.7581659119125167,0.5416252239126201
-1.9296893,-0.96660286,-1.1059142278116307,-0.9171559196543677
-1.8534449,-1.9605514,-1.6805466526658175,-2.097790055895772
-0.91452813,-0.4141403,-0.38552756801511423,-0.36522121439846433
1.2970877,1.9360964,1.3907313129445227,2.129062008852974
2.1268685,1.3744307,1.468408052959583,1.3974001569242664
-1.7557333,-1.6350428,-1.6138775060626287,-1.7443554085614488
-0.748093,-0.63141805,-0.6924007743367038,-0.6679882616839804
-0.60409683,-0.14118569,0.07001657060837684,-0.052055478378560394
-7.354943,-5.6332045,-7.131386675398869,-6.032493266667911
-3.6396925,-2.9980805,-3.289105140339514,-3.184037032095543
-5.942988,-5.1460443,-5.716370252542198,-5.523406650198145
-2.40468,-0.99456793,-2.452368008413119,-1.0477343622207402
-0.43082583,0.5438085,-0.5649778276799404,0.5990242157762924
1.3334904,1.3608785,1.7858502100752056,1.5383644927701903
9.962579,9.284689,8.699657106524894,9.892560469508556
-4.6179233,-5.259854,-4.498222842007558,-5.6897954434993805
-2.4761724,0.12427836,-0.8621701121639276,0.39769026560445864
2.853919,2.5657032,3.3690578891262732,2.844992943598475
0.4283127,0.7086771,1.2020421066970481,0.8773964370107478
-1.6628492,-1.6632625,-1.5552830223253933,-1.781731895954067
-1.291097,-0.68665475,-0.5489006464428308,-0.6315171738305475
-7.4198728,-7.5277596,-6.826214492847321,-8.076169717680163
-5.0692315,-5.1271334,-4.931061760568207,-5.531653660552639
5.201534,4.2872257,4.493954046214311,4.543466257836252
2.5617642,1.9749014,1.736580838932873,2.0303844317248196
-2.654406,-2.966931,-3.297350994114522,-3.2947935997992492
1.798897,1.8031346,2.0013818463555495,1.9856089811437052
0.7073664,0.5652676,0.6762300895704519,0.6121964381916951
-1.7110702,-1.5151913,-2.2379296382968463,-1.6969868343092016
0.83320826,0.673144,0.6467487034521932,0.7091779430192031
-0.9923472,-1.511351,-1.4321694318944203,-1.6966262421727447
3.4884624,3.9389603,4.484620616882738,4.4083759322608485
0.09233956,-0.98765063,-0.5111086644333082,-1.1613985719729125
0.8606785,0.86448413,0.663601928014149,0.91850999279902
0.23779231,0.27819675,-0.19919961108138154,0.253965667763294
3.5329747,3.400889,3.3187265288611267,3.661363598691309
2.543292,1.8233076,1.6756551794550878,1.858077204232326
-0.6219421,-0.34139153,-0.5150776857766494,-0.34398064320196886
-1.3659289,-0.917768,-0.9688449387783162,-0.9284774256257288
-0.32002813,0.44918594,0.31519445889480024,0.588950462387378
-3.4370959,-3.373798,-2.9355402542782008,-3.5840221923725992
-4.6056447,-4.562429,-5.114991524989395,-4.9991559382866155
-2.3238218,-1.2050645,-1.4959969600338796,-1.1717755294921661
-0.48716915,0.11630542,-0.09352021576713347,0.19455513293217938
3.0281653,3.025261,2.8217747901624124,3.2580773790798454
-2.4505055,-1.8153878,-1.7535101100039348,-1.8593764382221778
-0.7432811,-0.60841113,-0.6471042614500903,-0.6376018973952989
1.1054059,1.2386562,1.0568299656992588,1.345195928451042
-0.29694256,0.41873443,0.013135765844841968,0.5140037813608299
-5.346357,-4.9496875,-6.031312366078898,-5.4334712377662555
1.2135682,0.9662531,-1.1639374056149585,0.7496199097054096
-2.5844958,-2.8842807,-3.4628456546807875,-3.2345697161277025
6.2642255,5.5072193,5.509766853985249,5.8624976774434465
-0.3627654,-0.5419721,-0.5730941123814137,-0.61061086379821
2.780206,2.573485,3.5981415955709832,2.8931487423537305
3.7352347,2.7185605,2.543054059318357,2.781054996144125
-1.0879166,-0.45384115,-1.1548011341795499,-0.4803467652247715
-0.35000652,0.14942154,0.18416330695871905,0.2459428365362163
-0.69038826,-0.18772358,-0.8078708026006585,-0.20111475056712677
0.88710773,0.76242936,1.3533702621001207,0.8886473841346593
1.2796797,0.8283551,0.501360218905767,0.7969564275514249
-0.31021586,-0.4801324,-0.4915597381331783,-0.5397835055650044
0.052998673,0.29597452,0.16824976336763062,0.34678865172773277
