Date,actual,pred_rnn,pred_xgb,pred_ensemble,position,pnl
2023-03-14 00:00:00+00:00,2.2669295066821027,2.5426939,0.806585,1.6746395,1,2.2669295066821027
2023-03-15 00:00:00+00:00,-1.4956444271102542,-1.9583972,-1.7893059,-1.8738515,-1,1.4956444271102542
2023-03-16 00:00:00+00:00,2.776621285478642,1.7493303,0.9793798,1.3643551,1,2.776621285478642
2023-03-17 00:00:00+00:00,9.464577474073876,9.989511,8.574581,9.282045,1,9.464577474073876
2023-03-18 00:00:00+00:00,-1.67025946017878,2.7668602,0.89149064,1.8291755,1,-1.67025946017878
2023-03-19 00:00:00+00:00,3.9783493561641903,5.6186357,3.805176,4.711906,1,3.9783493561641903
2023-03-20 00:00:00+00:00,-0.9680894066816824,1.5734866,-0.12788627,0.72280014,1,-0.9680894066816824
2023-03-21 00:00:00+00:00,1.471446690424005,1.9520763,1.7428004,1.8474383,1,1.471446690424005
2023-03-22 00:00:00+00:00,-3.082000881052726,-0.44207683,-2.1704836,-1.3062803,-1,3.082000881052726
2023-03-23 00:00:00+00:00,3.759177916272805,4.3991613,4.494617,4.446889,1,3.759177916272805
2023-03-24 00:00:00+00:00,-2.9670654026811683,0.054031916,-0.61284244,-0.27940527,-1,2.9670654026811683
2023-03-25 00:00:00+00:00,0.0051716991684491,-0.51298416,-0.52896136,-0.5209727,-1,-0.0051716991684491
2023-03-26 00:00:00+00:00,1.8171608428300343,1.7039875,1.1338959,1.4189417,1,1.8171608428300343
2023-03-27 00:00:00+00:00,-3.052194524956464,-3.4708252,-3.2657814,-3.3683033,-1,3.052194524956464
2023-03-28 00:00:00+00:00,0.4725229036836698,-1.3134087,-1.0254962,-1.1694524,-1,-0.4725229036836698
2023-03-29 00:00:00+00:00,3.961806386900979,4.312881,4.2412825,4.2770815,1,3.961806386900979
2023-03-30 00:00:00+00:00,-1.1107450510098429,-0.3980807,-0.539866,-0.46897334,-1,1.1107450510098429
2023-03-31 00:00:00+00:00,1.587104314694221,-0.8228381,-0.57095385,-0.69689596,-1,-1.587104314694221
2023-04-01 00:00:00+00:00,-0.2368427304627607,0.34183595,0.49785087,0.4198434,1,-0.2368427304627607
2023-04-02 00:00:00+00:00,-0.745226524861331,-1.0843427,-0.29853544,-0.6914391,-1,0.745226524861331
2023-04-03 00:00:00+00:00,-1.450701845027036,-2.6416085,-2.8577993,-2.749704,-1,1.450701845027036
2023-04-04 00:00:00+00:00,1.359719824031469,1.2588297,1.0020453,1.1304375,1,1.359719824031469
2023-04-05 00:00:00+00:00,0.0351267695331891,1.47589,1.3883854,1.4321377,1,0.0351267695331891
2023-04-06 00:00:00+00:00,-0.4749940527861152,-0.28318036,-0.18847506,-0.23582771,-1,0.4749940527861152
2023-04-07 00:00:00+00:00,-0.4217681388798522,-0.46775615,-0.49906713,-0.48341164,-1,0.4217681388798522
2023-04-08 00:00:00+00:00,0.078549203093492,0.03177774,-0.38105804,-0.17464015,-1,-0.078549203093492
2023-04-09 00:00:00+00:00,1.3784839236969717,1.8777477,1.6628984,1.770323,1,1.3784839236969717
2023-04-10 00:00:00+00:00,4.658621834439813,5.4859796,5.558051,5.5220156,1,4.658621834439813
2023-04-11 00:00:00+00:00,1.9629666589127348,3.3294291,2.8609967,3.095213,1,1.9629666589127348
2023-04-12 00:00:00+00:00,-0.3175315824648472,1.3219093,0.6304898,0.97619957,1,-0.3175315824648472
2023-04-13 00:00:00+00:00,0.862713511036084,2.0326066,1.6565777,1.8445921,1,0.862713511036084
2023-04-14 00:00:00+00:00,0.2849851006329063,0.75720626,-0.022217762,0.36749426,1,0.2849851006329063
2023-04-15 00:00:00+00:00,-0.5484641463965656,-0.16646256,-0.8447631,-0.50561285,-1,0.5484641463965656
2023-04-16 00:00:00+00:00,-0.0103587591900322,0.25909987,-0.0942661,0.082416885,1,-0.0103587591900322
2023-04-17 00:00:00+00:00,-2.870857149807315,-2.4577935,-1.9381691,-2.1979814,-1,2.870857149807315
2023-04-18 00:00:00+00:00,3.2348662146309826,2.0382783,2.2220922,2.1301851,1,3.2348662146309826
2023-04-19 00:00:00+00:00,-5.180920497082397,-2.7610888,-2.4878194,-2.624454,-1,5.180920497082397
2023-04-20 00:00:00+00:00,-2.000825100936332,-2.6532397,-2.243732,-2.4484859,-1,2.000825100936332
2023-04-21 00:00:00+00:00,-3.4308522342840875,-2.5227041,-2.6820385,-2.6023712,-1,3.4308522342840875
2023-04-22 00:00:00+00:00,1.9818587839642632,0.80018854,1.4026989,1.1014438,1,1.9818587839642632
2023-04-23 00:00:00+00:00,-0.8128524489979361,-0.086561285,-0.09703608,-0.09179868,-1,0.8128524489979361
2023-04-24 00:00:00+00:00,-0.2393679423868921,-0.717348,-0.46738622,-0.5923671,-1,0.2393679423868921
2023-04-25 00:00:00+00:00,2.8419551749301775,2.1396031,1.9756722,2.0576377,1,2.8419551749301775
2023-04-26 00:00:00+00:00,0.4066170198633534,1.9484226,1.4038663,1.6761444,1,0.4066170198633534
2023-04-27 00:00:00+00:00,3.69805084222401,1.7719514,1.6157428,1.6938472,1,3.69805084222401
2023-04-28 00:00:00+00:00,-0.4530309915779296,0.6003487,0.8391087,0.7197287,1,-0.4530309915779296
2023-04-29 00:00:00+00:00,-0.312790120537465,0.019907651,-0.20816162,-0.094126984,-1,0.312790120537465
2023-04-30 00:00:00+00:00,0.0694680689322657,0.21648887,0.0027178405,0.10960335,1,0.0694680689322657
2023-05-01 00:00:00+00:00,-4.022160160063148,-3.3911648,-2.8778138,-3.1344893,-1,4.022160160063148
2023-05-02 00:00:00+00:00,2.096603302643074,-0.092771195,0.23763719,0.072432995,1,2.096603302643074
2023-05-03 00:00:00+00:00,1.135862549402589,1.5911587,1.4767774,1.5339681,1,1.135862549402589
2023-05-04 00:00:00+00:00,-0.5467695053574584,0.17528881,0.58017427,0.37773153,1,-0.5467695053574584
2023-05-05 00:00:00+00:00,2.3803407883149053,1.1958011,0.94253725,1.0691692,1,2.3803407883149053
2023-05-06 00:00:00+00:00,-2.13230011359401,-1.4284711,-0.35789397,-0.8931825,-1,2.13230011359401
2023-05-07 00:00:00+00:00,-1.5556145784091036,-1.9125594,-1.7913284,-1.851944,-1,1.5556145784091036
2023-05-08 00:00:00+00:00,-2.673363747104318,-2.9856248,-2.4405959,-2.7131104,-1,2.673363747104318
2023-05-09 00:00:00+00:00,-0.1281783039981499,-1.0785935,-0.9127159,-0.9956547,-1,0.1281783039981499
2023-05-10 00:00:00+00:00,-0.1338437059414499,0.7131766,0.1997917,0.45648414,1,-0.1338437059414499
2023-05-11 00:00:00+00:00,-2.248107626276019,-1.8666415,-1.6899045,-1.778273,-1,2.248107626276019
2023-05-12 00:00:00+00:00,-0.72515965946367,-0.08488658,-0.015064249,-0.049975414,-1,0.72515965946367
2023-05-13 00:00:00+00:00,-0.0780156971540102,0.2596025,0.292886,0.27624422,1,-0.0780156971540102
2023-05-14 00:00:00+00:00,0.5471927735897664,0.041633047,0.21274853,0.12719078,1,0.5471927735897664
2023-05-15 00:00:00+00:00,0.97307268947886,0.6004834,1.0902106,0.845347,1,0.97307268947886
2023-05-16 00:00:00+00:00,-0.5738415387331219,-0.10902468,0.43153915,0.16125724,1,-0.5738415387331219
2023-05-17 00:00:00+00:00,1.339486714426541,0.44787022,0.51768035,0.48277527,1,1.339486714426541
2023-05-18 00:00:00+00:00,-2.0679507626061855,-1.3770057,-0.90753704,-1.1422714,-1,2.0679507626061855
2023-05-19 00:00:00+00:00,0.2158597156245001,-0.47697678,-0.40414795,-0.44056237,-1,-0.2158597156245001
2023-05-20 00:00:00+00:00,0.8905016067474181,0.71673054,1.2306324,0.97368145,1,0.8905016067474181
2023-05-21 00:00:00+00:00,-1.3850553076299563,-0.27278966,0.407741,0.06747568,1,-1.3850553076299563
2023-05-22 00:00:00+00:00,0.3642513387833723,0.21663995,0.3051839,0.2609119,1,0.3642513387833723
2023-05-23 00:00:00+00:00,1.3945303802817,0.8385012,0.7083639,0.77343255,1,1.3945303802817
2023-05-24 00:00:00+00:00,-3.2723027539287797,-1.7530506,-1.9439226,-1.8484867,-1,3.2723027539287797
2023-05-25 00:00:00+00:00,0.536888723009965,-0.7087992,-0.5851082,-0.6469537,-1,-0.536888723009965
2023-05-26 00:00:00+00:00,0.9181224097717822,0.7795323,1.3827057,1.0811191,1,0.9181224097717822
2023-05-27 00:00:00+00:00,0.5578834404267097,0.4392649,0.76826817,0.60376656,1,0.5578834404267097
2023-05-28 00:00:00+00:00,4.530582639140435,4.666227,4.5145,4.5903635,1,4.530582639140435
2023-05-29 00:00:00+00:00,-1.209734339716717,0.38289967,-0.113263056,0.13481832,1,-1.209734339716717
2023-05-30 00:00:00+00:00,-0.1569067281900871,-0.4551443,-0.87489665,-0.66502047,-1,0.1569067281900871
2023-05-31 00:00:00+00:00,-1.7424204690051126,-1.318023,-1.6037426,-1.4608828,-1,1.7424204690051126
2023-06-01 00:00:00+00:00,-1.4683708996757416,-0.9672323,-1.6577793,-1.3125058,-1,1.4683708996757416
2023-06-02 00:00:00+00:00,1.6018553987593886,0.38442013,0.54219514,0.46330762,1,1.6018553987593886
2023-06-03 00:00:00+00:00,-0.6402332329564331,0.11305359,-0.353564,-0.1202552,-1,0.6402332329564331
2023-06-04 00:00:00+00:00,0.1622799291041365,-0.018627152,-0.055918854,-0.037273005,-1,-0.1622799291041365
2023-06-05 00:00:00+00:00,-5.011119223111926,-3.4542184,-3.1711557,-3.312687,-1,5.011119223111926
2023-06-06 00:00:00+00:00,5.7402171354966836,2.4796133,3.3147557,2.8971844,1,5.7402171354966836
2023-06-07 00:00:00+00:00,-3.277624934435408,-0.58246416,-0.5306994,-0.55658174,-1,3.277624934435408
2023-06-08 00:00:00+00:00,0.6157244439635168,-0.5045488,-1.0259517,-0.76525027,-1,-0.6157244439635168
2023-06-09 00:00:00+00:00,-0.1050308295350799,0.05894804,-0.027484149,0.015731946,1,-0.1050308295350799
2023-06-10 00:00:00+00:00,-2.3758529477018397,-1.3951876,-1.686276,-1.5407318,-1,2.3758529477018397
2023-06-11 00:00:00+00:00,0.3439979637680945,-0.7512605,-0.36891887,-0.5600897,-1,-0.3439979637680945
2023-06-12 00:00:00+00:00,-0.1452109718162231,0.07010771,0.3194416,0.19477466,1,-0.1452109718162231
2023-06-13 00:00:00+00:00,0.0626523308560944,-0.04414249,0.028481103,-0.007830692,-1,-0.0626523308560944
2023-06-14 00:00:00+00:00,-3.063625360276734,-2.245594,-1.3546596,-1.8001268,-1,3.063625360276734
2023-06-15 00:00:00+00:00,1.797908772855017,1.0298135,1.5272822,1.2785479,1,1.797908772855017
2023-06-16 00:00:00+00:00,2.93656855785136,2.5140653,2.6667602,2.5904126,1,2.93656855785136
2023-06-17 00:00:00+00:00,0.6959002877166443,0.90340173,0.99259084,0.94799626,1,0.6959002877166443
2023-06-18 00:00:00+00:00,-0.6580854122610447,-0.044137612,-0.25087848,-0.14750805,-1,0.6580854122610447
2023-06-19 00:00:00+00:00,1.9547852690523948,0.9171479,0.8383465,0.8777472,1,1.9547852690523948
2023-06-20 00:00:00+00:00,5.49870533268535,3.865376,4.489092,4.1772337,1,5.49870533268535
2023-06-21 00:00:00+00:00,6.00056236260138,3.8246002,3.4945378,3.659569,1,6.00056236260138
2023-06-22 00:00:00+00:00,-0.3830369095814578,0.62969035,0.27383247,0.45176142,1,-0.3830369095814578
2023-06-23 00:00:00+00:00,2.618280743799839,2.8528812,1.740825,2.296853,1,2.618280743799839
2023-06-24 00:00:00+00:00,-0.4781599564267935,0.8019383,0.1069189,0.4544286,1,-0.4781599564267935
2023-06-25 00:00:00+00:00,-0.2240147715166007,0.9148528,0.15875703,0.5368049,1,-0.2240147715166007
2023-06-26 00:00:00+00:00,-0.6861189773274656,0.10175355,-0.6585293,-0.27838787,-1,0.6861189773274656
2023-06-27 00:00:00+00:00,1.3776597971470572,1.2019936,0.4510866,0.8265401,1,1.3776597971470572
2023-06-28 00:00:00+00:00,-1.961401043161648,-0.05758643,-0.4697185,-0.26365244,-1,1.961401043161648
2023-06-29 00:00:00+00:00,1.1935868267705096,0.6859945,-0.19838202,0.24380624,1,1.1935868267705096
2023-06-30 00:00:00+00:00,0.1047791809437148,0.84587884,0.51011115,0.67799497,1,0.1047791809437148
2023-07-01 00:00:00+00:00,0.3701980092729373,0.387107,-0.23623735,0.075434834,1,0.3701980092729373
2023-07-02 00:00:00+00:00,0.100331224619854,0.6085584,-0.21104619,0.19875611,1,0.100331224619854
2023-07-03 00:00:00+00:00,1.7493679232169157,1.7653295,1.55178,1.6585548,1,1.7493679232169157
2023-07-04 00:00:00+00:00,-1.2159843251922098,-0.5948211,-0.82338166,-0.7091014,-1,1.2159843251922098
2023-07-05 00:00:00+00:00,-0.8558697357811895,-2.2455013,-2.0565712,-2.1510363,-1,0.8558697357811895
2023-07-06 00:00:00+00:00,-1.9821224332448597,-3.2792869,-2.5666997,-2.9229932,-1,1.9821224332448597
2023-07-07 00:00:00+00:00,1.4474668131812862,0.47257504,0.50765306,0.49011403,1,1.4474668131812862
2023-07-08 00:00:00+00:00,-0.1638790280408031,0.48126706,1.0611697,0.7712184,1,-0.1638790280408031
2023-07-09 00:00:00+00:00,-0.4004505264840863,-0.3495783,-0.68082386,-0.5152011,-1,0.4004505264840863
2023-07-10 00:00:00+00:00,0.8061861736795128,1.0413092,0.61315113,0.8272302,1,0.8061861736795128
2023-07-11 00:00:00+00:00,0.6788889145455279,0.6828627,1.0909325,0.88689756,1,0.6788889145455279
2023-07-12 00:00:00+00:00,-0.748849011015229,-0.33478716,-0.5485473,-0.44166726,-1,0.748849011015229
2023-07-13 00:00:00+00:00,3.5680934585548663,3.5190232,2.3137963,2.9164097,1,3.5680934585548663
2023-07-14 00:00:00+00:00,-3.628093462962134,-2.6849988,-2.6996593,-2.692329,-1,3.628093462962134
2023-07-15 00:00:00+00:00,-0.1261344820151277,-0.48114792,-1.8571261,-1.169137,-1,0.1261344820151277
2023-07-16 00:00:00+00:00,-0.1540603640451499,-0.145807,-0.34736654,-0.24658677,-1,0.1540603640451499
2023-07-17 00:00:00+00:00,-0.3413127267101967,-0.33320346,-0.31444138,-0.32382244,-1,0.3413127267101967
2023-07-18 00:00:00+00:00,-0.9597533287778904,-1.0638088,-1.2754458,-1.1696273,-1,0.9597533287778904
2023-07-19 00:00:00+00:00,0.1921230215300218,-0.14864805,0.16532144,0.008336693,1,0.1921230215300218
2023-07-20 00:00:00+00:00,-0.407529953919783,-0.71235794,-0.37759686,-0.5449774,-1,0.407529953919783
2023-07-21 00:00:00+00:00,0.3918113881574925,-0.039286025,0.44969553,0.20520476,1,0.3918113881574925
2023-07-22 00:00:00+00:00,-0.4578641261531735,-0.67443115,-0.19041939,-0.43242526,-1,0.4578641261531735
2023-07-23 00:00:00+00:00,1.0504447205841094,0.7492091,0.6117798,0.6804944,1,1.0504447205841094
2023-07-24 00:00:00+00:00,-3.016908579486144,-1.8513583,-2.1351795,-1.993269,-1,3.016908579486144
2023-07-25 00:00:00+00:00,0.1729950141591496,-0.7256232,-0.6321716,-0.6788974,-1,-0.1729950141591496
2023-07-26 00:00:00+00:00,0.4365152935310146,0.06961404,0.444951,0.25728253,1,0.4365152935310146
2023-07-27 00:00:00+00:00,-0.4915119890287034,-0.5623227,-0.3346953,-0.44850898,-1,0.4915119890287034
2023-07-28 00:00:00+00:00,0.3716332686560353,0.6187625,0.66838384,0.64357316,1,0.3716332686560353
2023-07-29 00:00:00+00:00,0.1284885698778159,0.39683747,0.7206812,0.55875933,1,0.1284885698778159
2023-07-30 00:00:00+00:00,-0.2779902852315552,-0.21306816,-0.28249297,-0.24778056,-1,0.2779902852315552
2023-07-31 00:00:00+00:00,-0.154386963543196,-0.2823843,-0.4559961,-0.36919022,-1,0.154386963543196
2023-08-01 00:00:00+00:00,1.5245275153729754,1.4204131,2.3461056,1.8832593,1,1.5245275153729754
2023-08-02 00:00:00+00:00,-1.7649890913796096,-0.7071438,-0.8361362,-0.77164,-1,1.7649890913796096
2023-08-03 00:00:00+00:00,0.0916600836956993,-0.44518578,-0.9534932,-0.6993395,-1,-0.0916600836956993
2023-08-04 00:00:00+00:00,-0.3584394191620932,-0.2836793,-0.40203825,-0.3428588,-1,0.3584394191620932
2023-08-05 00:00:00+00:00,-0.1099427291482824,-0.14457509,-0.39277408,-0.26867458,-1,0.1099427291482824
2023-08-06 00:00:00+00:00,-0.0009347800196235,0.14119351,0.23270075,0.18694714,1,-0.0009347800196235
2023-08-07 00:00:00+00:00,0.4776645904849275,0.50182915,1.4105322,0.9561807,1,0.4776645904849275
2023-08-08 00:00:00+00:00,2.0044635764041363,1.9762515,1.7517294,1.8639904,1,2.0044635764041363
2023-08-09 00:00:00+00:00,-0.6853508374658701,0.25568563,0.43746847,0.34657705,1,-0.6853508374658701
2023-08-10 00:00:00+00:00,-0.4461964587287981,-0.40998226,-1.0212307,-0.71560645,-1,0.4461964587287981
2023-08-11 00:00:00+00:00,-0.1083160113692027,-0.0926354,-0.68366563,-0.3881505,-1,0.1083160113692027
2023-08-12 00:00:00+00:00,0.0620796551682012,0.11393784,-0.034795884,0.03957098,1,0.0620796551682012
2023-08-13 00:00:00+00:00,-0.4523080603464624,-0.107809216,-0.7642477,-0.43602848,-1,0.4523080603464624
2023-08-14 00:00:00+00:00,0.4286776232133027,0.20546316,0.39892533,0.30219424,1,0.4286776232133027
2023-08-15 00:00:00+00:00,-0.8096168065931941,-0.41255173,-0.95541894,-0.68398535,-1,0.8096168065931941
2023-08-16 00:00:00+00:00,-1.606317365365273,-2.2180333,-1.8078864,-2.01296,-1,1.606317365365273
2023-08-17 00:00:00+00:00,-7.0979171664106495,-3.399028,-4.3279333,-3.8634806,-1,7.0979171664106495
2023-08-18 00:00:00+00:00,-2.3064110289129025,-1.9860133,-1.8979863,-1.9419998,-1,2.3064110289129025
2023-08-19 00:00:00+00:00,0.1790757541276999,-1.0415472,-0.021952603,-0.5317499,-1,-0.1790757541276999
2023-08-20 00:00:00+00:00,0.3578255907850991,-0.03815437,0.4811472,0.22149642,1,0.3578255907850991
2023-08-21 00:00:00+00:00,-0.2498831216638408,-0.2141307,0.5741019,0.17998561,1,-0.2498831216638408
2023-08-22 00:00:00+00:00,-0.3540188414611234,-0.6097398,-0.26385373,-0.43679675,-1,0.3540188414611234
2023-08-23 00:00:00+00:00,1.5365306615863217,0.6539025,0.72467273,0.6892876,1,1.5365306615863217
2023-08-24 00:00:00+00:00,-1.0187319953737006,-0.34268552,-0.12323665,-0.23296109,-1,1.0187319953737006
2023-08-25 00:00:00+00:00,-0.4384353047056644,-0.58350885,-0.09694976,-0.3402293,-1,0.4384353047056644
2023-08-26 00:00:00+00:00,-0.1505128215130602,-0.19103912,-0.13248593,-0.16176252,-1,0.1505128215130602
2023-08-27 00:00:00+00:00,0.3123232247271179,-0.0031838696,0.4557832,0.22629966,1,0.3123232247271179
2023-08-28 00:00:00+00:00,0.0630786639494562,0.053410694,0.249768,0.15158935,1,0.0630786639494562
2023-08-29 00:00:00+00:00,6.210192486369115,3.8119383,3.5092928,3.6606154,1,6.210192486369115
2023-08-30 00:00:00+00:00,-1.5512708191330329,0.6246233,0.8728856,0.74875444,1,-1.5512708191330329
2023-08-31 00:00:00+00:00,-5.003405793505489,-3.7062104,-2.8556054,-3.2809079,-1,5.003405793505489
2023-09-01 00:00:00+00:00,-0.5042060345522903,-0.9498249,-0.90180385,-0.9258144,-1,0.5042060345522903
2023-09-02 00:00:00+00:00,0.2638461555983351,0.25450227,0.3716309,0.3130666,1,0.2638461555983351
2023-09-03 00:00:00+00:00,0.3895332777613891,0.31119746,0.33948845,0.32534295,1,0.3895332777613891
2023-09-04 00:00:00+00:00,-0.605132898712879,-0.2279132,-0.2958785,-0.26189584,-1,0.605132898712879
2023-09-05 00:00:00+00:00,-0.1256511594066589,-0.2252016,-0.07486644,-0.15003403,-1,0.1256511594066589
2023-09-06 00:00:00+00:00,-0.1037475106237861,-0.42235374,-0.1366837,-0.27951872,-1,0.1037475106237861
2023-09-07 00:00:00+00:00,1.8908651858746683,1.4768844,1.7094238,1.5931541,1,1.8908651858746683
2023-09-08 00:00:00+00:00,-1.2749181400814824,-0.43286964,-0.33268148,-0.38277555,-1,1.2749181400814824
2023-09-09 00:00:00+00:00,-0.0385111678109506,-0.18721536,-0.4785872,-0.3329013,-1,0.0385111678109506
2023-09-10 00:00:00+00:00,-0.2450261030492062,-0.2988549,-0.31415564,-0.30650526,-1,0.2450261030492062
2023-09-11 00:00:00+00:00,-2.5920036681499337,-1.940751,-1.9197321,-1.9302416,-1,2.5920036681499337
2023-09-12 00:00:00+00:00,2.6654161441148183,1.8924571,1.7548796,1.8236684,1,2.6654161441148183
2023-09-13 00:00:00+00:00,1.528956041549967,1.3357719,2.37425,1.855011,1,1.528956041549967
2023-09-14 00:00:00+00:00,1.1870739715905465,1.9938184,1.1938683,1.5938433,1,1.1870739715905465
2023-09-15 00:00:00+00:00,0.2600617115421366,1.2309527,0.8005856,1.0157692,1,0.2600617115421366
2023-09-16 00:00:00+00:00,-0.1518755898805235,0.074279726,-0.25059843,-0.08815935,-1,0.1518755898805235
2023-09-17 00:00:00+00:00,-0.1283250116151157,-0.016307563,-0.68389577,-0.35010165,-1,0.1283250116151157
2023-09-18 00:00:00+00:00,0.8294723552398242,-0.43405926,-0.08906716,-0.2615632,-1,-0.8294723552398242
2023-09-19 00:00:00+00:00,1.7075246228115404,1.4846405,1.4735674,1.4791039,1,1.7075246228115404
2023-09-20 00:00:00+00:00,-0.2907244838483702,0.7035113,0.28118104,0.49234617,1,-0.2907244838483702
2023-09-21 00:00:00+00:00,-2.080107760369987,-1.4590043,-1.5826551,-1.5208297,-1,2.080107760369987
2023-09-22 00:00:00+00:00,0.0449251541729811,-0.2514282,-0.37365365,-0.31254092,-1,-0.0449251541729811
2023-09-23 00:00:00+00:00,-0.0006686715058434,0.09073694,-0.0007693493,0.044983797,1,-0.0006686715058434
2023-09-24 00:00:00+00:00,-1.2135886201842585,-0.83075154,-0.8830615,-0.85690653,-1,1.2135886201842585
2023-09-25 00:00:00+00:00,0.1586417936817907,-0.2963755,-0.63005453,-0.46321502,-1,-0.1586417936817907
2023-09-26 00:00:00+00:00,-0.3088789487007193,-0.7435777,-1.7914517,-1.2675147,-1,0.3088789487007193
2023-09-27 00:00:00+00:00,0.5167086555607492,-0.9963298,-0.7113896,-0.85385966,-1,-0.5167086555607492
2023-09-28 00:00:00+00:00,2.537992894910946,2.4954877,2.2130692,2.3542786,1,2.537992894910946
2023-09-29 00:00:00+00:00,-0.4064392778389991,0.6821107,0.82266855,0.75238967,1,-0.4064392778389991
2023-09-30 00:00:00+00:00,0.2088135523790502,0.16243717,0.02457372,0.09350544,1,0.2088135523790502
2023-10-01 00:00:00+00:00,3.766824174499184,4.019248,4.9129534,4.4661007,1,3.766824174499184
2023-10-02 00:00:00+00:00,-1.6186709786929931,-0.91938925,-1.1623088,-1.040849,-1,1.6186709786929931
2023-10-03 00:00:00+00:00,-0.366159698730506,-0.80681616,-1.0596722,-0.9332442,-1,0.366159698730506
2023-10-04 00:00:00+00:00,1.3467601140505714,0.8386703,0.6394927,0.7390815,1,1.3467601140505714
2023-10-05 00:00:00+00:00,-1.379463209481635,-0.25639585,-0.8008045,-0.52860016,-1,1.379463209481635
2023-10-06 00:00:00+00:00,1.9356844589767608,1.6022354,0.845321,1.2237782,1,1.9356844589767608
2023-10-07 00:00:00+00:00,0.0795881497654971,0.31445402,0.7636801,0.53906703,1,0.0795881497654971
2023-10-08 00:00:00+00:00,-0.1206700034505292,0.2491772,0.16270232,0.20593977,1,-0.1206700034505292
2023-10-09 00:00:00+00:00,-1.2579594768183489,-0.9122734,-1.0658416,-0.9890575,-1,1.2579594768183489
2023-10-10 00:00:00+00:00,-0.6984500104946556,-0.61034596,-0.9974974,-0.8039217,-1,0.6984500104946556
2023-10-11 00:00:00+00:00,-1.89003267816662,-1.5569038,-2.1323583,-1.8446311,-1,1.89003267816662
2023-10-12 00:00:00+00:00,-0.4335953974270889,-1.1367017,-1.0065739,-1.0716379,-1,0.4335953974270889
2023-10-13 00:00:00+00:00,0.3945769846041003,-0.09407399,0.18680038,0.046363194,1,0.3945769846041003
2023-10-14 00:00:00+00:00,-0.0024866379089605,0.12738429,0.44995287,0.28866857,1,-0.0024866379089605
2023-10-15 00:00:00+00:00,1.1091823377689547,1.0478584,1.6378951,1.3428767,1,1.1091823377689547
2023-10-16 00:00:00+00:00,5.006744721828782,4.449711,3.2650669,3.857389,1,5.006744721828782
2023-10-17 00:00:00+00:00,-0.3636770305958214,0.587712,0.969389,0.7785505,1,-0.3636770305958214
2023-10-18 00:00:00+00:00,-0.3075979201610401,0.11655809,-0.1412814,-0.012361653,-1,0.3075979201610401
2023-10-19 00:00:00+00:00,1.381884060718308,1.0218369,0.8646137,0.94322526,1,1.381884060718308
2023-10-20 00:00:00+00:00,3.3535830936221034,3.4879487,2.860056,3.1740022,1,3.3535830936221034
2023-10-21 00:00:00+00:00,0.7932597541262965,2.6418025,1.9590899,2.3004463,1,0.7932597541262965
2023-10-22 00:00:00+00:00,0.2523007227872575,1.278068,0.052471716,0.66526985,1,0.2523007227872575
2023-10-23 00:00:00+00:00,10.309890554106492,7.001445,7.9033213,7.452383,1,10.309890554106492
2023-10-24 00:00:00+00:00,2.4641455133160406,2.3495812,2.0408156,2.1951985,1,2.4641455133160406
2023-10-25 00:00:00+00:00,1.7736456648976606,3.4297621,2.2115176,2.8206398,1,1.7736456648976606
2023-10-26 00:00:00+00:00,-1.0033147055508174,1.2419575,0.29273966,0.7673486,1,-1.0033147055508174
2023-10-27 00:00:00+00:00,-0.7226928614896599,0.0639156,-0.47791445,-0.20699942,-1,0.7226928614896599
2023-10-28 00:00:00+00:00,0.5301518613050504,0.69058406,0.28515998,0.487872,1,0.5301518613050504
2023-10-29 00:00:00+00:00,1.3168432292610888,2.4249666,1.394445,1.9097058,1,1.3168432292610888
2023-10-30 00:00:00+00:00,-0.1045708714121795,1.0463123,-0.2638284,0.39124197,1,-0.1045708714121795
2023-10-31 00:00:00+00:00,0.4794395347865743,1.0087208,0.34617257,0.67744666,1,0.4794395347865743
2023-11-01 00:00:00+00:00,2.21956131097949,2.3932798,2.2623644,2.3278222,1,2.21956131097949
2023-11-02 00:00:00+00:00,-1.4081557258001531,-0.035366066,-0.5828162,-0.30909112,-1,1.4081557258001531
2023-11-03 00:00:00+00:00,-0.5893770181114921,-0.6159181,-0.93065053,-0.7732843,-1,0.5893770181114921
2023-11-04 00:00:00+00:00,1.007335667442999,1.2952101,0.5979884,0.94659925,1,1.007335667442999
2023-11-05 00:00:00+00:00,-0.0936082810947702,0.8990794,-0.1807317,0.35917383,1,-0.0936082810947702
2023-11-06 00:00:00+00:00,-0.0341928684259529,-0.8122032,-0.65858644,-0.73539484,-1,0.0341928684259529
2023-11-07 00:00:00+00:00,1.1593090387878258,1.3165554,0.7012616,1.0089085,1,1.1593090387878258
2023-11-08 00:00:00+00:00,0.5973294586287814,1.3585662,0.7798493,1.0692077,1,0.5973294586287814
2023-11-09 00:00:00+00:00,2.910782743612783,0.19942808,0.4614653,0.3304467,1,2.910782743612783
2023-11-10 00:00:00+00:00,1.6919893031732691,1.7278838,0.8341781,1.2810309,1,1.6919893031732691
2023-11-11 00:00:00+00:00,-0.4714533883507177,1.0896693,0.63142043,0.8605449,1,-0.4714533883507177
2023-11-12 00:00:00+00:00,-0.2249209321588452,0.3438721,0.19785035,0.2708612,1,-0.2249209321588452
2023-11-13 00:00:00+00:00,-1.490139575424676,-0.9191521,-0.9540709,-0.93661153,-1,1.490139575424676
2023-11-14 00:00:00+00:00,-2.6428838018216827,-2.6765935,-1.9582126,-2.317403,-1,2.6428838018216827
2023-11-15 00:00:00+00:00,6.5928445402257285,5.9675536,5.859283,5.9134183,1,6.5928445402257285
2023-11-16 00:00:00+00:00,-4.555929205716058,-1.9387763,-3.1140578,-2.526417,-1,4.555929205716058
2023-11-17 00:00:00+00:00,1.2222842677321433,-0.6417665,-0.9316158,-0.7866912,-1,-1.2222842677321433
2023-11-18 00:00:00+00:00,-0.0300039755596892,0.17389528,0.51782346,0.34585938,1,-0.0300039755596892
2023-11-19 00:00:00+00:00,2.188952736959471,3.054386,2.2888942,2.67164,1,2.188952736959471
2023-11-20 00:00:00+00:00,0.2418253557628258,0.76234096,0.7579562,0.7601486,1,0.2418253557628258
2023-11-21 00:00:00+00:00,-4.437779002891473,-4.7100205,-4.0169916,-4.3635063,-1,4.437779002891473
2023-11-22 00:00:00+00:00,4.519282441655714,3.0695999,2.3329391,2.7012696,1,4.519282441655714
2023-11-23 00:00:00+00:00,-0.3812712499673631,1.0193957,0.7307374,0.8750665,1,-0.3812712499673631
2023-11-24 00:00:00+00:00,1.1549062377453012,0.22279295,0.34397233,0.28338265,1,1.1549062377453012
2023-11-25 00:00:00+00:00,0.2028397389004066,0.18823278,0.46121776,0.32472527,1,0.2028397389004066
2023-11-26 00:00:00+00:00,-0.8404731064144633,-0.465776,-0.6239097,-0.54484284,-1,0.8404731064144633
2023-11-27 00:00:00+00:00,-0.6002091656840403,-0.60544735,-0.9477488,-0.7765981,-1,0.6002091656840403
2023-11-28 00:00:00+00:00,1.5485997981878885,1.5662612,1.0533969,1.309829,1,1.5485997981878885
2023-11-29 00:00:00+00:00,0.0724437306490966,0.6708347,0.5816648,0.6262498,1,0.0724437306490966
2023-11-30 00:00:00+00:00,-0.3849759765088945,-0.03744896,-0.03080954,-0.03412925,-1,0.3849759765088945
2023-12-01 00:00:00+00:00,2.5879948059756908,1.7966733,1.1870613,1.4918673,1,2.5879948059756908
2023-12-02 00:00:00+00:00,2.035687454363333,2.3368082,2.4580472,2.3974276,1,2.035687454363333
2023-12-03 00:00:00+00:00,1.2717964769838996,1.7718773,1.8046066,1.7882419,1,1.2717964769838996
2023-12-04 00:00:00+00:00,5.006972513040342,3.1828985,3.6636689,3.4232836,1,5.006972513040342
2023-12-05 00:00:00+00:00,5.003682452128899,5.126001,5.472742,5.2993717,1,5.003682452128899
2023-12-06 00:00:00+00:00,-0.7581629168974091,0.8686542,0.28406215,0.5763582,1,-0.7581629168974091
2023-12-07 00:00:00+00:00,-1.0372985662820744,0.20636423,-0.7732685,-0.28345215,-1,1.0372985662820744
2023-12-08 00:00:00+00:00,2.0186734149434615,2.8578644,1.6458466,2.2518554,1,2.0186734149434615
2023-12-09 00:00:00+00:00,-0.9976252743861824,0.5276206,-0.017766437,0.2549271,1,-0.9976252743861824
2023-12-10 00:00:00+00:00,0.1228442098254234,0.2619791,0.02725923,0.14461917,1,0.1228442098254234
2023-12-11 00:00:00+00:00,-5.792335797596204,-3.9806368,-4.5279713,-4.254304,-1,5.792335797596204
2023-12-12 00:00:00+00:00,0.500415746650007,-1.346813,-1.3088032,-1.3278081,-1,-0.500415746650007
2023-12-13 00:00:00+00:00,3.4752998598246876,3.4769053,2.187313,2.8321092,1,3.4752998598246876
2023-12-14 00:00:00+00:00,0.3106275694876315,1.2580798,0.8103424,1.034211,1,0.3106275694876315
2023-12-15 00:00:00+00:00,-2.5432678164034384,-1.9835241,-1.5870229,-1.7852736,-1,2.5432678164034384
2023-12-16 00:00:00+00:00,0.7401888210429197,-1.0157727,-0.65130126,-0.833537,-1,-0.7401888210429197
2023-12-17 00:00:00+00:00,-2.0725632129809823,-1.5397526,-1.4258627,-1.4828076,-1,2.0725632129809823
2023-12-18 00:00:00+00:00,3.043358452455913,1.4530156,1.61489,1.5339527,1,3.043358452455913
2023-12-19 00:00:00+00:00,-0.8282083744925006,0.38413993,0.10876896,0.24645445,1,-0.8282083744925006
2023-12-20 00:00:00+00:00,3.2687613496898527,2.4244728,2.4541173,2.439295,1,3.2687613496898527
2023-12-21 00:00:00+00:00,0.4968869645894491,0.8749536,0.91210735,0.8935305,1,0.4968869645894491
2023-12-22 00:00:00+00:00,0.2934864093159239,0.94248825,0.7312924,0.83689034,1,0.2934864093159239
2023-12-23 00:00:00+00:00,-0.587208380989368,0.06307147,-0.4308417,-0.18388513,-1,0.587208380989368
2023-12-24 00:00:00+00:00,-1.6539399611381067,-1.6423309,-1.7083337,-1.6753323,-1,1.6539399611381067
2023-12-25 00:00:00+00:00,1.3879063918367684,0.34679613,0.24707666,0.2969364,1,1.3879063918367684
2023-12-26 00:00:00+00:00,-2.50552533987507,-1.5624424,-1.9170356,-1.739739,-1,2.50552533987507
2023-12-27 00:00:00+00:00,2.169436503972655,0.7761615,0.66552705,0.72084427,1,2.169436503972655
2023-12-28 00:00:00+00:00,-1.876027694732929,-0.9487062,-0.75484955,-0.8517779,-1,1.876027694732929
2023-12-29 00:00:00+00:00,-1.2396896915724764,-1.6488702,-1.3754003,-1.5121353,-1,1.2396896915724764
2023-12-30 00:00:00+00:00,0.1365815113849366,-0.73739785,-0.73014325,-0.73377055,-1,-0.1365815113849366
2023-12-31 00:00:00+00:00,0.2568622313059654,0.14546824,-0.22102852,-0.037780143,-1,-0.2568622313059654
2024-01-01 00:00:00+00:00,4.500499447683737,4.800602,4.4705224,4.635562,1,4.500499447683737
2024-01-02 00:00:00+00:00,1.790093908010948,1.0734875,1.000802,1.0371448,1,1.790093908010948
2024-01-03 00:00:00+00:00,-4.692812039022565,-4.79971,-3.6800196,-4.239865,-1,4.692812039022565
2024-01-04 00:00:00+00:00,3.1080578712095797,0.78700686,0.43197095,0.6094889,1,3.1080578712095797
2024-01-05 00:00:00+00:00,-0.0390006800980891,0.5333036,0.7585292,0.6459164,1,-0.0390006800980891
2024-01-06 00:00:00+00:00,-0.3928567178781872,-0.18352693,-0.13564472,-0.15958583,-1,0.3928567178781872
2024-01-07 00:00:00+00:00,-0.1047931194811502,-0.105041556,-0.2012617,-0.15315163,-1,0.1047931194811502
2024-01-08 00:00:00+00:00,6.889378335191321,5.4026294,6.4734783,5.938054,1,6.889378335191321
2024-01-09 00:00:00+00:00,-1.7687130663785022,0.4080929,-0.18583424,0.11112932,1,-1.7687130663785022
2024-01-10 00:00:00+00:00,1.0577583896319576,0.42497104,-0.1126963,0.15613738,1,1.0577583896319576
2024-01-11 00:00:00+00:00,-0.5558733758850076,-0.6198496,-0.64540076,-0.6326252,-1,0.5558733758850076
2024-01-12 00:00:00+00:00,-7.581464689367223,-5.8072867,-6.677563,-6.242425,-1,7.581464689367223
2024-01-13 00:00:00+00:00,-0.025167707571938,-0.9221222,-1.9442015,-1.4331619,-1,0.025167707571938
2024-01-14 00:00:00+00:00,-2.441771935607251,-2.0953677,-2.0934536,-2.0944107,-1,2.441771935607251
2024-01-15 00:00:00+00:00,1.7123519109433882,-0.051414542,0.27461034,0.111597896,1,1.7123519109433882
2024-01-16 00:00:00+00:00,1.5124600880781491,1.3070326,1.6642092,1.485621,1,1.5124600880781491
2024-01-17 00:00:00+00:00,-0.9553782701804624,-1.063119,-1.0058612,-1.0344901,-1,0.9553782701804624
2024-01-18 00:00:00+00:00,-3.463972563570672,-3.1616423,-2.5430179,-2.8523302,-1,3.463972563570672
2024-01-19 00:00:00+00:00,0.8636206533969792,-0.37914774,0.6418937,0.13137297,1,0.8636206533969792
2024-01-20 00:00:00+00:00,0.1133625581830166,0.10901849,0.5310288,0.32002366,1,0.1133625581830166
2024-01-21 00:00:00+00:00,-0.2875293297747383,-0.37618023,0.20965408,-0.08326308,-1,0.2875293297747383
2024-01-22 00:00:00+00:00,-4.906437469287683,-3.2706978,-3.7814612,-3.5260797,-1,4.906437469287683
2024-01-23 00:00:00+00:00,0.8560013335578542,-0.52655166,-0.2687539,-0.39765278,-1,-0.8560013335578542
2024-01-24 00:00:00+00:00,0.5810521763855547,0.43015283,0.76113725,0.59564507,1,0.5810521763855547
2024-01-25 00:00:00+00:00,-0.3574752718064067,0.02839323,0.47236463,0.25037894,1,-0.3574752718064067
2024-01-26 00:00:00+00:00,4.715459322533899,4.8252945,4.8107004,4.8179975,1,4.715459322533899
2024-01-27 00:00:00+00:00,0.7250269857528746,2.1786056,2.0940328,2.1363192,1,0.7250269857528746
2024-01-28 00:00:00+00:00,-0.2005242885405156,-0.043750778,0.31769216,0.1369707,1,-0.2005242885405156
2024-01-29 00:00:00+00:00,2.9799801269608572,2.528397,3.205255,2.866826,1,2.9799801269608572
2024-01-30 00:00:00+00:00,-0.7753529891282307,0.38644877,0.30005813,0.34325343,1,-0.7753529891282307
2024-01-31 00:00:00+00:00,-0.8614235906521772,-1.3164679,-0.9888574,-1.1526626,-1,0.8614235906521772
2024-02-01 00:00:00+00:00,1.1581441871785891,1.1306971,0.9740082,1.0523527,1,1.1581441871785891
2024-02-02 00:00:00+00:00,0.2555634669063833,0.8401965,0.24045107,0.5403238,1,0.2555634669063833
2024-02-03 00:00:00+00:00,-0.4483166082128842,0.08537666,-0.49797627,-0.20629981,-1,0.4483166082128842
2024-02-04 00:00:00+00:00,-0.9505619501189222,-0.7012081,-0.75441146,-0.7278098,-1,0.9505619501189222
2024-02-05 00:00:00+00:00,0.1763260308799363,0.13592406,0.12573752,0.1308308,1,0.1763260308799363
2024-02-06 00:00:00+00:00,0.9986338774093716,0.7065054,0.3565096,0.5315075,1,0.9986338774093716
2024-02-07 00:00:00+00:00,2.863085004884569,2.448273,3.0357206,2.7419968,1,2.863085004884569
2024-02-08 00:00:00+00:00,2.2188248782989417,1.424697,1.0372782,1.2309875,1,2.2188248782989417
2024-02-09 00:00:00+00:00,4.0741037369352195,0.920531,0.5410787,0.7308048,1,4.0741037369352195
2024-02-10 00:00:00+00:00,1.3236801556077538,2.7190151,1.8928704,2.3059428,1,1.3236801556077538
2024-02-11 00:00:00+00:00,1.094047844440582,1.8595937,1.5614,1.7104969,1,1.094047844440582
2024-02-12 00:00:00+00:00,3.446199355856483,3.05349,2.97404,3.0137649,1,3.446199355856483
2024-02-13 00:00:00+00:00,-0.4319233922082,1.2754568,0.54057956,0.9080182,1,-0.4319233922082
2024-02-14 00:00:00+00:00,4.190091682112329,3.2003744,2.8963552,3.0483646,1,4.190091682112329
2024-02-15 00:00:00+00:00,0.2158335184809789,0.8311343,-0.054579876,0.38827723,1,0.2158335184809789
2024-02-16 00:00:00+00:00,0.4267512666128903,0.77427894,0.26351842,0.51889867,1,0.4267512666128903
2024-02-17 00:00:00+00:00,-0.9532306436015991,0.9441801,-0.5131862,0.21549693,1,-0.9532306436015991
2024-02-18 00:00:00+00:00,0.8895163362175884,1.392798,0.62630725,1.0095526,1,0.8895163362175884
2024-02-19 00:00:00+00:00,-0.6588364739555153,0.36285278,-0.5213994,-0.0792733,-1,0.6588364739555153
2024-02-20 00:00:00+00:00,0.9767068857365668,1.2621468,0.6610985,0.96162266,1,0.9767068857365668
2024-02-21 00:00:00+00:00,-0.8524364072784008,0.17121778,-0.46838477,-0.1485835,-1,0.8524364072784008
2024-02-22 00:00:00+00:00,-1.0305082626588136,-0.63538563,-1.3055562,-0.9704709,-1,1.0305082626588136
2024-02-23 00:00:00+00:00,-1.1168964922707358,-1.0419136,-1.1494418,-1.0956777,-1,1.1168964922707358
2024-02-24 00:00:00+00:00,1.6540904753353791,0.6432659,0.69611,0.669688,1,1.6540904753353791
2024-02-25 00:00:00+00:00,0.3143945254133529,0.51942104,0.6739579,0.59668946,1,0.3143945254133529
2024-02-26 00:00:00+00:00,5.3914352797789,4.4417815,4.521286,4.481534,1,5.3914352797789
2024-02-27 00:00:00+00:00,4.70076269570332,3.481053,3.5138543,3.4974537,1,4.70076269570332
2024-02-28 00:00:00+00:00,9.4935319969381,7.487479,8.357062,7.922271,1,9.4935319969381
2024-02-29 00:00:00+00:00,-2.0900898469490836,0.0108622145,-0.9614104,-0.4752741,-1,2.0900898469490836
2024-03-01 00:00:00+00:00,2.0298739001923582,2.5944037,1.9599397,2.2771716,1,2.0298739001923582
2024-03-02 00:00:00+00:00,-0.6578811448788136,0.5038015,-0.17755815,0.16312169,1,-0.6578811448788136
2024-03-03 00:00:00+00:00,1.833832377333944,3.3344796,1.948606,2.641543,1,1.833832377333944
2024-03-04 00:00:00+00:00,8.17359165168321,8.493359,7.887353,8.190355,1,8.17359165168321
2024-03-05 00:00:00+00:00,-6.628402450514869,-5.3465724,-6.399643,-5.873108,-1,6.628402450514869
2024-03-06 00:00:00+00:00,3.613733751382608,0.34456298,0.9973539,0.67095846,1,3.613733751382608
2024-03-07 00:00:00+00:00,1.2384196964882577,1.2195704,0.84800076,1.0337856,1,1.2384196964882577
2024-03-08 00:00:00+00:00,2.053940113746555,2.1037319,1.8595074,1.9816196,1,2.053940113746555
2024-03-09 00:00:00+00:00,0.291052396981506,0.27496192,-0.2997893,-0.012413695,-1,-0.291052396981506
2024-03-10 00:00:00+00:00,0.7604594828865663,0.8999342,0.6665252,0.7832297,1,0.7604594828865663
2024-03-11 00:00:00+00:00,4.497430711214645,4.571959,4.448332,4.510145,1,4.497430711214645
2024-03-12 00:00:00+00:00,-0.8909905514165151,1.6317359,0.31493744,0.9733367,1,-0.8909905514165151
2024-03-13 00:00:00+00:00,2.241441027532587,1.872557,1.0823239,1.4774405,1,2.241441027532587
2024-03-14 00:00:00+00:00,-2.30819028918976,-0.33645245,-0.77484196,-0.5556472,-1,2.30819028918976
2024-03-15 00:00:00+00:00,-2.7911980184628815,-2.7896369,-2.969069,-2.879353,-1,2.7911980184628815
2024-03-16 00:00:00+00:00,-5.891115205046704,-4.8738537,-5.0237365,-4.9487953,-1,5.891115205046704
2024-03-17 00:00:00+00:00,4.708722792387299,1.8180062,2.5725427,2.1952744,1,4.708722792387299
2024-03-18 00:00:00+00:00,-1.23120859035869,0.09699794,-0.020772794,0.038112573,1,-1.23120859035869
2024-03-19 00:00:00+00:00,-8.34335697773131,-7.489924,-9.167271,-8.328597,-1,8.34335697773131
2024-03-20 00:00:00+00:00,9.692504642544408,6.186343,4.8905582,5.5384507,1,9.692504642544408
2024-03-21 00:00:00+00:00,-3.5667063537369037,0.54143596,0.011156821,0.27629638,1,-3.5667063537369037
2024-03-22 00:00:00+00:00,-2.6150443493796915,-4.4763455,-5.1908684,-4.8336067,-1,2.6150443493796915
2024-03-23 00:00:00+00:00,0.4444134730058779,-1.6126896,-1.3189242,-1.465807,-1,-0.4444134730058779
2024-03-24 00:00:00+00:00,4.951388798732359,6.064735,4.2922072,5.178471,1,4.951388798732359
2024-03-25 00:00:00+00:00,4.052464013185086,6.0833864,5.508908,5.7961473,1,4.052464013185086
2024-03-26 00:00:00+00:00,0.0414864674840087,1.2808731,1.4278413,1.3543572,1,0.0414864674840087
2024-03-27 00:00:00+00:00,-0.7608353406676316,-0.45951787,-0.07838142,-0.26894963,-1,0.7608353406676316
2024-03-28 00:00:00+00:00,1.8567460909010292,2.739626,2.0917897,2.4157078,1,1.8567460909010292
2024-03-29 00:00:00+00:00,-1.204502882960634,1.3425603,0.5855244,0.9640423,1,-1.204502882960634
2024-03-30 00:00:00+00:00,-0.3541471229917881,-0.34122878,-0.70878834,-0.52500856,-1,0.3541471229917881
2024-03-31 00:00:00+00:00,2.4242032646924816,2.6130867,2.8358552,2.724471,1,2.4242032646924816
2024-04-01 00:00:00+00:00,-2.2871394295390424,-1.0831995,-1.706662,-1.3949308,-1,2.2871394295390424
2024-04-02 00:00:00+00:00,-6.104798596936911,-5.477984,-6.7517695,-6.1148767,-1,6.104798596936911
2024-04-03 00:00:00+00:00,0.8156830152760808,-2.2993927,-1.9325066,-2.1159496,-1,-0.8156830152760808
2024-04-04 00:00:00+00:00,3.8314642609167615,4.0157604,3.948503,3.9821317,1,3.8314642609167615
2024-04-05 00:00:00+00:00,-0.9797320802104604,0.27308002,0.053394333,0.16323718,1,-0.9797320802104604
2024-04-06 00:00:00+00:00,1.5602971155395773,0.76145536,0.802298,0.7818767,1,1.5602971155395773
2024-04-07 00:00:00+00:00,0.6770270690138691,0.80183464,0.43558908,0.6187118,1,0.6770270690138691
2024-04-08 00:00:00+00:00,3.2709358819609458,3.9377809,3.6452029,3.791492,1,3.2709358819609458
2024-04-09 00:00:00+00:00,-3.47940311557996,-2.69008,-1.910556,-2.300318,-1,3.47940311557996
2024-04-10 00:00:00+00:00,2.095585490764962,0.95218545,1.1600239,1.0561047,1,2.095585490764962
2024-04-11 00:00:00+00:00,-0.7469744225354513,0.24447198,-0.06709545,0.08868827,1,-0.7469744225354513
2024-04-12 00:00:00+00:00,-4.0889484338652915,-4.919565,-4.4072566,-4.663411,-1,4.0889484338652915
2024-04-13 00:00:00+00:00,-5.0217292686449255,-5.135013,-5.5097947,-5.322404,-1,5.0217292686449255
2024-04-14 00:00:00+00:00,3.0040890942988785,0.7900175,1.2605393,1.0252783,1,3.0040890942988785
2024-04-15 00:00:00+00:00,-3.5177371710864436,-2.500385,-2.257895,-2.37914,-1,3.5177371710864436
2024-04-16 00:00:00+00:00,0.608033073842007,-1.0405358,-0.46949118,-0.75501347,-1,-0.608033073842007
2024-04-17 00:00:00+00:00,-3.9728848832950137,-3.4636478,-4.732473,-4.0980606,-1,3.9728848832950137
2024-04-18 00:00:00+00:00,3.649124077275312,1.0972818,1.9349738,1.5161278,1,3.649124077275312
2024-04-19 00:00:00+00:00,0.520866093239758,1.5266488,1.1764995,1.3515742,1,0.520866093239758
2024-04-20 00:00:00+00:00,1.8026421367285828,1.215378,1.2334124,1.2243953,1,1.8026421367285828
2024-04-21 00:00:00+00:00,-0.1043118127169062,0.14578712,0.19292389,0.16935551,1,-0.1043118127169062
2024-04-22 00:00:00+00:00,2.943375826417438,2.021126,2.6319091,2.3265176,1,2.943375826417438
2024-04-23 00:00:00+00:00,-0.6439574982199714,0.33377883,-0.10418948,0.11479467,1,-0.6439574982199714
2024-04-24 00:00:00+00:00,-3.208044675896582,-2.3318434,-3.2228713,-2.7773573,-1,3.208044675896582
2024-04-25 00:00:00+00:00,0.3186348361086333,-1.0532607,-0.65958923,-0.8564249,-1,-0.3186348361086333
2024-04-26 00:00:00+00:00,-1.126500450216128,0.4144875,0.36718535,0.39083642,1,-1.126500450216128
2024-04-27 00:00:00+00:00,-0.5272966685217484,0.051215768,0.6188216,0.3350187,1,-0.5272966685217484
2024-04-28 00:00:00+00:00,-0.4823625122654107,-0.85720605,-0.22943884,-0.54332244,-1,0.4823625122654107
2024-04-29 00:00:00+00:00,1.1533090836571835,0.4228478,0.86865366,0.64575076,1,1.1533090836571835
2024-04-30 00:00:00+00:00,-5.019124923390339,-4.3863955,-4.6918864,-4.5391407,-1,5.019124923390339
2024-05-01 00:00:00+00:00,-3.929695449294712,-3.224912,-1.9409618,-2.5829368,-1,3.929695449294712
2024-05-02 00:00:00+00:00,1.492466946618043,-0.46896416,0.23034489,-0.119309634,-1,-1.492466946618043
2024-05-03 00:00:00+00:00,6.370405305142901,5.269501,5.4033613,5.3364315,1,6.370405305142901
2024-05-04 00:00:00+00:00,1.5926845809482115,2.5333664,2.1921117,2.362739,1,1.5926845809482115
2024-05-05 00:00:00+00:00,0.2185896555291666,0.67511517,0.947154,0.8111346,1,0.2185896555291666
2024-05-06 00:00:00+00:00,-1.357439032945329,-1.3389729,-0.43394718,-0.88646007,-1,1.357439032945329
2024-05-07 00:00:00+00:00,-1.309542881773662,-1.4380136,-1.2000941,-1.3190539,-1,1.309542881773662
2024-05-08 00:00:00+00:00,-1.8398626418606343,-1.1131463,-1.1309078,-1.122027,-1,1.8398626418606343
2024-05-09 00:00:00+00:00,3.043115174480593,2.431257,2.4813786,2.456318,1,3.043115174480593
2024-05-10 00:00:00+00:00,-3.57999206716082,-2.1876378,-2.1690812,-2.1783595,-1,3.57999206716082
2024-05-11 00:00:00+00:00,0.0015357087483902,-1.2196809,-0.7516809,-0.98568094,-1,-0.0015357087483902
2024-05-12 00:00:00+00:00,1.076893612640517,0.46846384,0.60655177,0.5375078,1,1.076893612640517
2024-05-13 00:00:00+00:00,2.3646747829849435,2.0170066,2.030625,2.0238159,1,2.3646747829849435
2024-05-14 00:00:00+00:00,-2.1440843998411174,-0.78525764,-0.41958973,-0.60242367,-1,2.1440843998411174
2024-05-15 00:00:00+00:00,7.659609258979705,5.874545,7.25479,6.5646677,1,7.659609258979705
2024-05-16 00:00:00+00:00,-1.5632252342217434,0.44487062,0.3051851,0.37502787,1,-1.5632252342217434
2024-05-17 00:00:00+00:00,2.7905086974018944,1.772363,1.3105402,1.5414516,1,2.7905086974018944
2024-05-18 00:00:00+00:00,-0.1656483282533094,0.38467816,0.34863713,0.36665764,1,-0.1656483282533094
2024-05-19 00:00:00+00:00,-0.989586998644132,-1.3495235,-0.9923645,-1.170944,-1,0.989586998644132
2024-05-20 00:00:00+00:00,7.800174233592183,5.1370363,6.5241876,5.830612,1,7.800174233592183
2024-05-21 00:00:00+00:00,-1.8358253197424237,-0.29191187,-0.9002245,-0.5960682,-1,1.8358253197424237
2024-05-22 00:00:00+00:00,-1.446030038732482,-0.99598557,-1.5366766,-1.2663311,-1,1.446030038732482
2024-05-23 00:00:00+00:00,-1.7255977012052393,-1.6611327,-1.3533549,-1.5072439,-1,1.7255977012052393
2024-05-24 00:00:00+00:00,0.8781729751313971,-0.08481651,0.6180007,0.2665921,1,0.8781729751313971
2024-05-25 00:00:00+00:00,1.0796524727912704,0.5158588,0.7454161,0.63063747,1,1.0796524727912704
2024-05-26 00:00:00+00:00,-1.079681446131986,-0.40676406,-0.024084682,-0.21542437,-1,1.079681446131986
2024-05-27 00:00:00+00:00,1.279167139701709,0.97803193,0.700484,0.83925796,1,1.279167139701709
2024-05-28 00:00:00+00:00,-1.5827408143282984,-0.5443809,-0.2563868,-0.40038383,-1,1.5827408143282984
2024-05-29 00:00:00+00:00,-1.051485738366742,-1.5051366,-1.6818558,-1.5934962,-1,1.051485738366742
2024-05-30 00:00:00+00:00,1.1644282878281231,-0.3811814,-0.15826166,-0.2697215,-1,-1.1644282878281231
2024-05-31 00:00:00+00:00,-1.2778150073829653,-1.447282,-1.6149548,-1.5311184,-1,1.2778150073829653
2024-06-01 00:00:00+00:00,0.3193346042630107,-0.21389598,-0.37487125,-0.29438362,-1,-0.3193346042630107
2024-06-02 00:00:00+00:00,0.0659667408527964,0.09285912,0.3812784,0.23706876,1,0.0659667408527964
2024-06-03 00:00:00+00:00,1.55447202095631,1.3814671,1.1858487,1.2836579,1,1.55447202095631
2024-06-04 00:00:00+00:00,2.562299229750109,3.7525592,1.727177,2.7398682,1,2.562299229750109
2024-06-05 00:00:00+00:00,0.7298724501219489,1.136695,1.0102094,1.0734522,1,0.7298724501219489
2024-06-06 00:00:00+00:00,-0.4581363662552795,-0.08472718,-0.88018596,-0.48245656,-1,0.4581363662552795
2024-06-07 00:00:00+00:00,-1.9992012664618253,-2.452963,-2.4420187,-2.447491,-1,1.9992012664618253
2024-06-08 00:00:00+00:00,-0.053087867291035,-0.27427343,-0.9740516,-0.6241625,-1,0.053087867291035
2024-06-09 00:00:00+00:00,0.493781012769845,0.27030614,0.12537727,0.1978417,1,0.493781012769845
2024-06-10 00:00:00+00:00,-0.1948526235038938,0.0987431,-0.09462227,0.002060417,1,-0.1948526235038938
2024-06-11 00:00:00+00:00,-3.136496113771259,-2.6524172,-2.4555442,-2.5539808,-1,3.136496113771259
2024-06-12 00:00:00+00:00,1.3502581655740586,-0.35159388,-0.5137303,-0.43266207,-1,-1.3502581655740586
2024-06-13 00:00:00+00:00,-2.175796046925471,-1.672843,-1.5657524,-1.6192977,-1,2.175796046925471
2024-06-14 00:00:00+00:00,-1.116454313618909,-1.6158513,-1.5100311,-1.5629412,-1,1.116454313618909
2024-06-15 00:00:00+00:00,0.2725394169067252,0.021636466,0.33819306,0.17991476,1,0.2725394169067252
2024-06-16 00:00:00+00:00,0.6769000015107718,0.39039293,0.2061823,0.29828763,1,0.6769000015107718
2024-06-17 00:00:00+00:00,-0.2232174782869633,-0.381976,0.04425221,-0.1688619,-1,0.2232174782869633
2024-06-18 00:00:00+00:00,-2.029695840335366,-1.2174925,-1.3892807,-1.3033866,-1,2.029695840335366
2024-06-19 00:00:00+00:00,-0.2770143432970329,-0.9076141,-0.46288422,-0.68524915,-1,0.2770143432970329
2024-06-20 00:00:00+00:00,-0.202647826938318,-1.0747279,-0.39014137,-0.73243463,-1,0.202647826938318
2024-06-21 00:00:00+00:00,-1.1298352802122102,-0.8036569,-0.403952,-0.60380447,-1,1.1298352802122102
2024-06-22 00:00:00+00:00,0.2439753244388942,-0.23568839,-0.03269817,-0.13419327,-1,-0.2439753244388942
2024-06-23 00:00:00+00:00,-1.6680750892695717,-2.7434492,-2.494514,-2.6189816,-1,1.6680750892695717
2024-06-24 00:00:00+00:00,-4.595356442740705,-1.1971376,-2.4384596,-1.8177986,-1,4.595356442740705
2024-06-25 00:00:00+00:00,2.5336630540915284,1.5634147,2.00771,1.7855623,1,2.5336630540915284
2024-06-26 00:00:00+00:00,-1.6072632732335943,-0.45356885,-0.083375536,-0.2684722,-1,1.6072632732335943
2024-06-27 00:00:00+00:00,1.3048952015320303,0.429151,1.1736708,0.8014109,1,1.3048952015320303
2024-06-28 00:00:00+00:00,-2.0853310841596917,-1.2403793,-0.87075764,-1.0555685,-1,2.0853310841596917
2024-06-29 00:00:00+00:00,0.940386114562508,-0.29465082,-0.120745495,-0.20769817,-1,-0.940386114562508
2024-06-30 00:00:00+00:00,2.9413551577695873,2.5101383,2.7350972,2.6226177,1,2.9413551577695873
2024-07-01 00:00:00+00:00,0.2771094932070506,0.51410556,0.77427715,0.6441914,1,0.2771094932070506
2024-07-02 00:00:00+00:00,-1.309369782536629,-0.5993596,-0.7847614,-0.6920605,-1,1.309369782536629
2024-07-03 00:00:00+00:00,-2.990687069847342,-2.0099053,-2.0338929,-2.0218992,-1,2.990687069847342
2024-07-04 00:00:00+00:00,-5.31163442591287,-3.3218768,-4.648445,-3.9851608,-1,5.31163442591287
2024-07-05 00:00:00+00:00,-0.5534237301222045,0.8067073,0.3949427,0.600825,1,-0.5534237301222045
2024-07-06 00:00:00+00:00,2.896391229629902,3.0928185,2.97524,3.0340292,1,2.896391229629902
2024-07-07 00:00:00+00:00,-4.209743901608021,-2.2680743,-1.086842,-1.677458,-1,4.209743901608021
2024-07-08 00:00:00+00:00,1.5326802692157804,-0.90006256,0.23877011,-0.33064622,-1,-1.5326802692157804
2024-07-09 00:00:00+00:00,2.2998442006386677,1.0240515,1.7786337,1.4013426,1,2.2998442006386677
2024-07-10 00:00:00+00:00,-0.4598069752302591,-0.034901306,0.3473898,0.15624425,1,-0.4598069752302591
2024-07-11 00:00:00+00:00,-0.688543199414704,-0.7339888,-0.8264847,-0.7802367,-1,0.688543199414704
2024-07-12 00:00:00+00:00,0.967044399822048,-0.00459229,-0.13636917,-0.07048073,-1,-0.967044399822048
2024-07-13 00:00:00+00:00,2.3013827393434605,1.7288446,1.6858863,1.7073655,1,2.3013827393434605
2024-07-14 00:00:00+00:00,2.6266900849703623,1.8093771,2.0510285,1.9302027,1,2.6266900849703623
2024-07-15 00:00:00+00:00,6.7157552043626945,5.2328773,5.886804,5.5598407,1,6.7157552043626945
2024-07-16 00:00:00+00:00,0.3499237967104829,2.1496058,1.7046978,1.9271518,1,0.3499237967104829
2024-07-17 00:00:00+00:00,-1.5029160162088329,-1.2311087,-0.98260987,-1.1068592,-1,1.5029160162088329
2024-07-18 00:00:00+00:00,-0.2257162889321984,-0.5046137,-0.9101685,-0.70739114,-1,0.2257162889321984
2024-07-19 00:00:00+00:00,4.276873416901195,3.8156195,3.907119,3.8613691,1,4.276873416901195
2024-07-20 00:00:00+00:00,0.6797948250945707,1.6297362,0.98439723,1.3070667,1,0.6797948250945707
2024-07-21 00:00:00+00:00,1.4753144342436686,2.293632,1.7260109,2.0098214,1,1.4753144342436686
2024-07-22 00:00:00+00:00,-0.8352687558605965,0.07694422,0.016186547,0.046565384,1,-0.8352687558605965
2024-07-23 00:00:00+00:00,-2.452573779042033,-1.5795451,-1.481304,-1.5304246,-1,2.452573779042033
2024-07-24 00:00:00+00:00,-0.8426493066692409,-1.1134124,-0.30242503,-0.7079187,-1,0.8426493066692409
2024-07-25 00:00:00+00:00,0.6196734488950639,0.21622843,0.082722425,0.14947543,1,0.6196734488950639
2024-07-26 00:00:00+00:00,3.2455548092357844,2.5121982,2.142048,2.3271232,1,3.2455548092357844
2024-07-27 00:00:00+00:00,-0.1453741152390941,0.6214995,-0.2527442,0.18437764,1,-0.1453741152390941
2024-07-28 00:00:00+00:00,0.6525726007514887,0.21027997,0.1108432,0.16056159,1,0.6525726007514887
2024-07-29 00:00:00+00:00,-2.1037797761807475,-2.6778116,-2.4691339,-2.5734727,-1,2.1037797761807475
2024-07-30 00:00:00+00:00,-0.926218536354706,-1.385891,-1.766799,-1.576345,-1,0.926218536354706
2024-07-31 00:00:00+00:00,-2.3893374066049744,-1.9404634,-1.8459013,-1.8931823,-1,2.3893374066049744
2024-08-01 00:00:00+00:00,1.1424614182306447,0.8214353,0.942897,0.88216615,1,1.1424614182306447
2024-08-02 00:00:00+00:00,-6.032105863902382,-3.8032706,-4.2911644,-4.0472174,-1,6.032105863902382
2024-08-03 00:00:00+00:00,-1.196730221039588,-2.4840748,-2.5437553,-2.513915,-1,1.196730221039588
2024-08-04 00:00:00+00:00,-4.2239835695705334,-4.013385,-5.1162057,-4.5647955,-1,4.2239835695705334
2024-08-05 00:00:00+00:00,-7.098647889469634,-5.1545076,-6.512963,-5.8337355,-1,7.098647889469634
2024-08-06 00:00:00+00:00,3.783671514671117,1.5498301,2.4471257,1.9984779,1,3.783671514671117
2024-08-07 00:00:00+00:00,-1.7968550961394714,-0.69399863,0.3415183,-0.17624016,-1,1.7968550961394714
2024-08-08 00:00:00+00:00,12.144256096581586,9.980467,8.332007,9.156237,1,12.144256096581586
2024-08-09 00:00:00+00:00,-1.3450358144012964,0.427238,0.58242947,0.5048337,1,-1.3450358144012964
2024-08-10 00:00:00+00:00,0.1079157321830726,-0.61682284,-0.22009502,-0.41845894,-1,-0.1079157321830726
2024-08-11 00:00:00+00:00,-3.652963228605732,-2.8906326,-2.780195,-2.835414,-1,3.652963228605732
2024-08-12 00:00:00+00:00,1.0814659847665276,-0.0022415817,0.4285419,0.21315016,1,1.0814659847665276
2024-08-13 00:00:00+00:00,2.114499236795475,2.1002312,1.719387,1.9098091,1,2.114499236795475
2024-08-14 00:00:00+00:00,-3.0891111600017784,-1.0921764,-0.71222615,-0.9022013,-1,3.0891111600017784
2024-08-15 00:00:00+00:00,-2.0041310728595607,-1.8699688,-2.4286175,-2.1492932,-1,2.0041310728595607
2024-08-16 00:00:00+00:00,2.3175912902021256,1.9656636,2.584529,2.2750962,1,2.3175912902021256
2024-08-17 00:00:00+00:00,0.9930827293028964,1.0034138,1.135053,1.0692334,1,0.9930827293028964
2024-08-18 00:00:00+00:00,-1.6728732449495576,-1.3429711,-0.37721765,-0.86009437,-1,1.6728732449495576
2024-08-19 00:00:00+00:00,1.7260941400976335,-1.288825,-0.38095665,-0.83489084,-1,-1.7260941400976335
2024-08-20 00:00:00+00:00,-0.807921098393305,-1.6120942,-1.4762685,-1.5441813,-1,0.807921098393305
2024-08-21 00:00:00+00:00,3.664287574220193,2.746048,2.3067098,2.5263789,1,3.664287574220193
2024-08-22 00:00:00+00:00,-1.2967304747498076,0.6691912,0.55066204,0.6099266,1,-1.2967304747498076
2024-08-23 00:00:00+00:00,6.14826718860062,4.130102,4.496951,4.3135266,1,6.14826718860062
2024-08-24 00:00:00+00:00,0.1320501928435913,0.84794974,1.0970253,0.9724875,1,0.1320501928435913
2024-08-25 00:00:00+00:00,0.2408121017894116,1.253425,1.2128505,1.2331377,1,0.2408121017894116
2024-08-26 00:00:00+00:00,-2.2583597030829017,-1.3889146,-1.6272813,-1.5080979,-1,2.2583597030829017
2024-08-27 00:00:00+00:00,-5.369739028515941,-5.8680835,-6.154521,-6.011302,-1,5.369739028515941
2024-08-28 00:00:00+00:00,-0.8007978395744741,-1.4913542,-1.3966076,-1.4439809,-1,0.8007978395744741
2024-08-29 00:00:00+00:00,0.6108236440141246,-0.96426517,-0.748372,-0.8563186,-1,-0.6108236440141246
2024-08-30 00:00:00+00:00,-0.4524522074975112,-1.4672942,-1.1565502,-1.3119222,-1,0.4524522074975112
2024-08-31 00:00:00+00:00,-0.2530098855800911,-0.8913192,-0.40199912,-0.64665914,-1,0.2530098855800911
2024-09-01 00:00:00+00:00,-2.7885585756487807,-2.8513362,-2.9480777,-2.8997068,-1,2.7885585756487807
2024-09-02 00:00:00+00:00,3.1172733867902425,2.0650108,2.2316098,2.1483102,1,3.1172733867902425
2024-09-03 00:00:00+00:00,-2.8445042681864097,-2.3853102,-2.5658379,-2.475574,-1,2.8445042681864097
2024-09-04 00:00:00+00:00,0.9411561689557812,0.7428588,0.38017493,0.5615169,1,0.9411561689557812
2024-09-05 00:00:00+00:00,-3.1240343267850523,-2.348936,-2.3195293,-2.3342328,-1,3.1240343267850523
2024-09-06 00:00:00+00:00,-3.938239210052674,-2.3579571,-3.3352652,-2.846611,-1,3.938239210052674
2024-09-07 00:00:00+00:00,0.3539165896556673,-0.48332152,0.0013449944,-0.24098825,-1,-0.3539165896556673
2024-09-08 00:00:00+00:00,1.2964221671948106,0.27334073,0.9355132,0.604427,1,1.2964221671948106
2024-09-09 00:00:00+00:00,3.971383190839828,3.1623747,3.010788,3.0865812,1,3.971383190839828
2024-09-10 00:00:00+00:00,1.103438984962768,1.4095032,1.3530791,1.3812912,1,1.103438984962768
2024-09-11 00:00:00+00:00,-0.5300015473338138,0.048141584,-0.0635912,-0.0077248067,-1,0.5300015473338138
2024-09-12 00:00:00+00:00,1.366927943296048,0.45037845,0.54879075,0.49958462,1,1.366927943296048
2024-09-13 00:00:00+00:00,4.205082951406869,3.676018,4.0829306,3.8794742,1,4.205082951406869
2024-09-14 00:00:00+00:00,-0.9347325923483308,1.0207804,0.39038944,0.70558494,1,-0.9347325923483308
2024-09-15 00:00:00+00:00,-1.3703582878646037,-1.7895519,-1.4836158,-1.6365838,-1,1.3703582878646037
2024-09-16 00:00:00+00:00,-1.6733367272294908,-1.2476068,-1.420052,-1.3338294,-1,1.6733367272294908
2024-09-17 00:00:00+00:00,3.636260628101629,2.9175959,2.4759479,2.6967719,1,3.636260628101629
2024-09-18 00:00:00+00:00,2.2237989029475935,2.310054,2.1618721,2.235963,1,2.2237989029475935
2024-09-19 00:00:00+00:00,2.0937291912797695,0.87938243,1.1353871,1.0073848,1,2.0937291912797695
2024-09-20 00:00:00+00:00,0.4012038391771444,0.47703126,0.8475772,0.6623042,1,0.4012038391771444
2024-09-21 00:00:00+00:00,0.3194394234750763,0.9259345,0.613392,0.7696632,1,0.3194394234750763
2024-09-22 00:00:00+00:00,0.4004601961937748,1.6956043,1.1745956,1.4351,1,0.4004601961937748
2024-09-23 00:00:00+00:00,-0.5010473194038911,-0.2226833,-0.90713376,-0.5649085,-1,0.5010473194038911
2024-09-24 00:00:00+00:00,1.53508768072268,1.6085032,0.989794,1.2991486,1,1.53508768072268
2024-09-25 00:00:00+00:00,-1.8021597822383997,-0.9271532,-1.3027089,-1.1149311,-1,1.8021597822383997
2024-09-26 00:00:00+00:00,3.227389157079097,2.083051,1.6282156,1.8556333,1,3.227389157079097
2024-09-27 00:00:00+00:00,0.9353099021708332,1.1420535,0.7076813,0.9248674,1,0.9353099021708332
2024-09-28 00:00:00+00:00,0.1474135903409612,0.6549253,0.57884336,0.61688435,1,0.1474135903409612
2024-09-29 00:00:00+00:00,-0.3829909793028885,0.19043846,-0.60328674,-0.20642415,-1,0.3829909793028885
2024-09-30 00:00:00+00:00,-3.513055513173091,-2.3196971,-2.7514808,-2.535589,-1,3.513055513173091
2024-10-01 00:00:00+00:00,-3.9357522007910983,-4.0373287,-3.4187005,-3.7280145,-1,3.9357522007910983
2024-10-02 00:00:00+00:00,-0.3356881893958552,-1.9863647,-1.5215617,-1.7539632,-1,0.3356881893958552
2024-10-03 00:00:00+00:00,0.2088262639855287,-0.54816604,-0.24422346,-0.39619476,-1,-0.2088262639855287
2024-10-04 00:00:00+00:00,2.1528753898536257,1.8621092,1.8217736,1.8419414,1,2.1528753898536257
2024-10-05 00:00:00+00:00,0.0362068207787835,0.6110799,1.025981,0.81853044,1,0.0362068207787835
2024-10-06 00:00:00+00:00,1.1741093673904637,0.9018696,0.80965316,0.8557614,1,1.1741093673904637
2024-10-07 00:00:00+00:00,-0.9269383537719666,-0.3933014,-0.34954613,-0.37142378,-1,0.9269383537719666
2024-10-08 00:00:00+00:00,-0.168215019460971,-0.40400183,-0.4775634,-0.4407826,-1,0.168215019460971
2024-10-09 00:00:00+00:00,-2.494476227264242,-2.2356937,-2.327654,-2.281674,-1,2.494476227264242
2024-10-10 00:00:00+00:00,-0.5077432972432572,-1.1499354,-0.59920365,-0.87456954,-1,0.5077432972432572
2024-10-11 00:00:00+00:00,3.60117436063343,3.7359025,3.4207208,3.5783117,1,3.60117436063343
2024-10-12 00:00:00+00:00,1.1977460548401542,1.338453,1.48258,1.4105165,1,1.1977460548401542
2024-10-13 00:00:00+00:00,-0.5406426554734889,0.28672192,-0.026276674,0.13022262,1,-0.5406426554734889
2024-10-14 00:00:00+00:00,5.0830232433260125,4.7079453,5.12149,4.9147177,1,5.0830232433260125
2024-10-15 00:00:00+00:00,1.506499253362703,2.4063106,1.4812318,1.9437711,1,1.506499253362703
2024-10-16 00:00:00+00:00,0.852625165791987,0.7636173,-0.1738024,0.29490745,1,0.852625165791987
2024-10-17 00:00:00+00:00,-0.3148561601067023,0.42163017,-0.38448727,0.018571451,1,-0.3148561601067023
2024-10-18 00:00:00+00:00,1.5118035612239122,1.380197,0.7562958,1.0682464,1,1.5118035612239122
2024-10-19 00:00:00+00:00,-0.0819287812165781,0.8423148,0.38671237,0.6145136,1,-0.0819287812165781
2024-10-20 00:00:00+00:00,0.9346740673774612,1.619779,1.0376079,1.3286934,1,0.9346740673774612
2024-10-21 00:00:00+00:00,-2.367842380530527,-1.2801144,-1.0562359,-1.1681752,-1,2.367842380530527
2024-10-22 00:00:00+00:00,-0.0095673379078342,-0.3189894,-0.7931615,-0.55607545,-1,0.0095673379078342
2024-10-23 00:00:00+00:00,-1.3794411247167293,-0.7546957,-0.9506033,-0.8526495,-1,1.3794411247167293
2024-10-24 00:00:00+00:00,2.6024420417426253,1.773557,1.1798033,1.47668,1,2.6024420417426253
2024-10-25 00:00:00+00:00,-2.2280180917194747,-1.6846956,-1.2271755,-1.4559355,-1,2.2280180917194747
2024-10-26 00:00:00+00:00,0.558625096721177,-0.41693786,-0.17451411,-0.295726,-1,-0.558625096721177
2024-10-27 00:00:00+00:00,1.3647776293978398,1.577007,1.0964001,1.3367035,1,1.3647776293978398
2024-10-28 00:00:00+00:00,2.9125296755169394,2.7577195,2.0336826,2.395701,1,2.9125296755169394
2024-10-29 00:00:00+00:00,4.023493912713727,2.763617,1.8736544,2.3186357,1,4.023493912713727
2024-10-30 00:00:00+00:00,-0.5238593944120629,0.23469223,-0.41622296,-0.090765364,-1,0.5238593944120629
2024-10-31 00:00:00+00:00,-2.9366396131415895,-2.5214078,-2.6142504,-2.5678291,-1,2.9366396131415895
2024-11-01 00:00:00+00:00,-1.043533138752928,-1.2836987,-1.3754011,-1.3295499,-1,1.043533138752928
2024-11-02 00:00:00+00:00,-0.2780490006696778,-0.25181854,-0.5248898,-0.38835418,-1,0.2780490006696778
2024-11-03 00:00:00+00:00,-0.7911127116589922,-0.49540463,-0.5777758,-0.5365902,-1,0.7911127116589922
2024-11-04 00:00:00+00:00,-1.352333825809926,-1.0573844,-1.0457526,-1.0515685,-1,1.352333825809926
2024-11-05 00:00:00+00:00,2.2828790274616484,1.263634,1.1875937,1.2256138,1,2.2828790274616484
2024-11-06 00:00:00+00:00,9.053568684202684,7.7195463,6.8228507,7.2711983,1,9.053568684202684
2024-11-07 00:00:00+00:00,0.3513808689513675,2.0718803,1.032515,1.5521977,1,0.3513808689513675
2024-11-08 00:00:00+00:00,0.8439738710178002,0.52958655,0.62103117,0.57530886,1,0.8439738710178002
2024-11-09 00:00:00+00:00,0.3049045358246127,0.8302671,0.96663845,0.89845276,1,0.3049045358246127
2024-11-10 00:00:00+00:00,4.812939348083134,3.0304964,3.7593255,3.3949108,1,4.812939348083134
2024-11-11 00:00:00+00:00,10.223522766228598,9.541875,9.567151,9.554513,1,10.223522766228598
2024-11-12 00:00:00+00:00,-0.8406532147821943,1.2578466,0.44194365,0.8498951,1,-0.8406532147821943
2024-11-13 00:00:00+00:00,2.988263635220245,3.9723032,2.4566731,3.214488,1,2.988263635220245
2024-11-14 00:00:00+00:00,-3.680261781509442,-1.5292542,-1.7197652,-1.6245097,-1,3.680261781509442
2024-11-15 00:00:00+00:00,4.373133901525428,3.5461752,2.4098217,2.9779985,1,4.373133901525428
2024-11-16 00:00:00+00:00,-0.5573223886775724,0.6668433,0.37065905,0.51875114,1,-0.5573223886775724
2024-11-17 00:00:00+00:00,-0.7869224694033394,-0.18727759,-0.15742286,-0.17235023,-1,0.7869224694033394
2024-11-18 00:00:00+00:00,0.775538389254038,0.9940662,0.36103144,0.6775488,1,0.775538389254038
2024-11-19 00:00:00+00:00,1.989281975285384,2.2896833,1.8829534,2.0863185,1,1.989281975285384
2024-11-20 00:00:00+00:00,2.1611666039643485,2.3413484,1.9482052,2.1447768,1,2.1611666039643485
2024-11-21 00:00:00+00:00,4.415154537413879,3.2477221,3.270674,3.2591982,1,4.415154537413879
2024-11-22 00:00:00+00:00,0.5004201495851568,1.4187105,1.557548,1.4881293,1,0.5004201495851568
2024-11-23 00:00:00+00:00,-1.2327389960033353,0.48801842,0.002600013,0.24530922,1,-1.2327389960033353
2024-11-24 00:00:00+00:00,0.241916176207857,1.3748554,0.2474929,0.81117415,1,0.241916176207857
2024-11-25 00:00:00+00:00,-5.011051925601651,-4.5401683,-4.778236,-4.659202,-1,5.011051925601651
2024-11-26 00:00:00+00:00,-1.1997304120645702,-2.4434826,-1.7395593,-2.091521,-1,1.1997304120645702
2024-11-27 00:00:00+00:00,4.323745274350732,4.5252867,4.0329623,4.2791243,1,4.323745274350732
2024-11-28 00:00:00+00:00,-0.3231078796704811,0.8169303,0.77701515,0.79697275,1,-0.3231078796704811
2024-11-29 00:00:00+00:00,1.8912786163713056,2.4785562,1.9608152,2.2196856,1,1.8912786163713056
2024-11-30 00:00:00+00:00,-1.0388394458550332,-0.22575197,-0.42570946,-0.3257307,-1,1.0388394458550332
2024-12-01 00:00:00+00:00,0.8613193542348574,0.81645334,0.99230474,0.904379,1,0.8613193542348574
2024-12-02 00:00:00+00:00,-1.454037255458307,-1.568639,-0.92502934,-1.2468342,-1,1.454037255458307
2024-12-03 00:00:00+00:00,0.1427621551364444,-0.8152169,-0.6420268,-0.72862184,-1,-0.1427621551364444
2024-12-04 00:00:00+00:00,2.881567529768403,4.0075254,3.3030388,3.655282,1,2.881567529768403
2024-12-05 00:00:00+00:00,-2.2020788503929523,-3.87562,-3.6520998,-3.7638597,-1,2.2020788503929523
2024-12-06 00:00:00+00:00,3.444474217316973,1.9908727,1.479775,1.7353239,1,3.444474217316973
2024-12-07 00:00:00+00:00,0.0026270829894814,1.042528,0.7549442,0.8987361,1,0.0026270829894814
2024-12-08 00:00:00+00:00,1.3136868131795154,2.3737383,1.8232871,2.0985126,1,1.3136868131795154
2024-12-09 00:00:00+00:00,-3.7568614800964073,-2.89942,-3.0326986,-2.9660592,-1,3.7568614800964073
2024-12-10 00:00:00+00:00,-0.7772430783165474,-1.5292786,-1.1970557,-1.3631672,-1,0.7772430783165474
2024-12-11 00:00:00+00:00,4.652269534294651,5.090455,4.0684843,4.5794697,1,4.652269534294651
2024-12-12 00:00:00+00:00,-1.1169293200355757,1.2570883,0.27497295,0.7660306,1,-1.1169293200355757
2024-12-13 00:00:00+00:00,1.4156490833941326,1.3679138,0.8260286,1.0969713,1,1.4156490833941326
2024-12-14 00:00:00+00:00,-0.0850479930175174,1.1619047,0.4554063,0.8086555,1,-0.0850479930175174
2024-12-15 00:00:00+00:00,2.886101293644905,3.9855547,3.8584611,3.922008,1,2.886101293644905
2024-12-16 00:00:00+00:00,1.6596788984881483,2.5080113,1.9782878,2.2431495,1,1.6596788984881483
2024-12-17 00:00:00+00:00,0.1045771070669721,1.0171243,0.48689976,0.752012,1,0.1045771070669721
2024-12-18 00:00:00+00:00,-5.746210601989676,-4.06007,-4.3600583,-4.210064,-1,5.746210601989676
2024-12-19 00:00:00+00:00,-2.5495268879325628,-4.7218904,-3.629954,-4.1759224,-1,2.5495268879325628
2024-12-20 00:00:00+00:00,0.2717960528709318,-0.81172264,-0.20528603,-0.50850433,-1,-0.2717960528709318
2024-12-21 00:00:00+00:00,-0.5433973434635808,0.10897198,0.6199342,0.36445308,1,-0.5433973434635808
2024-12-22 00:00:00+00:00,-2.1802983021374844,-2.4779298,-1.8049756,-2.1414528,-1,2.1802983021374844
2024-12-23 00:00:00+00:00,-0.4402456102765462,-2.0770938,-1.6177115,-1.8474027,-1,0.4402456102765462
2024-12-24 00:00:00+00:00,4.213760595334648,4.218955,4.4126296,4.315792,1,4.213760595334648
2024-12-25 00:00:00+00:00,0.6314615210434305,1.5681312,1.3510257,1.4595785,1,0.6314615210434305
2024-12-26 00:00:00+00:00,-3.528406928650052,-3.0122738,-3.6820695,-3.3471718,-1,3.528406928650052
2024-12-27 00:00:00+00:00,-1.7022260795415023,-3.0341363,-2.9722583,-3.0031972,-1,1.7022260795415023
2024-12-28 00:00:00+00:00,1.0609799867287384,-0.36313182,0.10359832,-0.12976675,-1,-1.0609799867287384
2024-12-29 00:00:00+00:00,-1.7167251608511402,-2.1973782,-2.134005,-2.1656916,-1,1.7167251608511402
2024-12-30 00:00:00+00:00,-0.948373223930199,-2.059493,-2.135978,-2.0977354,-1,0.948373223930199
2024-12-31 00:00:00+00:00,0.8484077565384274,-0.76786417,-1.4935839,-1.1307241,-1,-0.8484077565384274
2025-01-01 00:00:00+00:00,1.060219561302178,1.7557431,1.4388567,1.5972999,1,1.060219561302178
2025-01-02 00:00:00+00:00,2.6129247147606893,4.0295544,4.054933,4.042244,1,2.6129247147606893
2025-01-03 00:00:00+00:00,1.2597729955682757,2.9751163,3.1614099,3.068263,1,1.2597729955682757
2025-01-04 00:00:00+00:00,0.1312814691101893,0.8683323,0.40356967,0.635951,1,0.1312814691101893
2025-01-05 00:00:00+00:00,0.0801480042089242,0.5980561,0.71174955,0.6549028,1,0.0801480042089242
2025-01-06 00:00:00+00:00,3.8276219245942262,3.4637115,3.835991,3.6498513,1,3.8276219245942262
2025-01-07 00:00:00+00:00,-5.050430525956884,-4.5739603,-4.883364,-4.7286625,-1,5.050430525956884
2025-01-08 00:00:00+00:00,-1.9388436629511283,-3.6564336,-2.7205763,-3.188505,-1,1.9388436629511283
2025-01-09 00:00:00+00:00,-2.6929603222076492,-2.8112204,-2.8193822,-2.8153014,-1,2.6929603222076492
2025-01-10 00:00:00+00:00,2.3976181025154863,0.43053213,0.9991227,0.7148274,1,2.3976181025154863
2025-01-11 00:00:00+00:00,-0.1424047578467369,0.6573464,0.88772625,0.77253634,1,-0.1424047578467369
2025-01-12 00:00:00+00:00,-0.0826467856150259,-0.40234774,0.2966918,-0.05282797,-1,0.0826467856150259
2025-01-13 00:00:00+00:00,0.0297242056733093,0.8559612,1.336683,1.0963221,1,0.0297242056733093
2025-01-14 00:00:00+00:00,2.1345722040169157,1.3996767,1.2757084,1.3376925,1,2.1345722040169157
2025-01-15 00:00:00+00:00,4.11299996325778,3.6416483,2.8322105,3.2369294,1,4.11299996325778
2025-01-16 00:00:00+00:00,-0.7438333563293043,1.4195167,0.71980023,1.0696585,1,-0.7438333563293043
2025-01-17 00:00:00+00:00,4.716598568833419,3.83708,4.027369,3.9322245,1,4.716598568833419
2025-01-18 00:00:00+00:00,-0.0516635042589141,1.4518826,0.61520296,1.0335428,1,-0.0516635042589141
2025-01-19 00:00:00+00:00,-3.1783567377192568,-2.5466056,-2.7206628,-2.633634,-1,3.1783567377192568
2025-01-20 00:00:00+00:00,0.9170622908047932,-1.7474513,-0.79556954,-1.2715104,-1,-0.9170622908047932
2025-01-21 00:00:00+00:00,4.047967653568851,3.5528114,3.758937,3.6558743,1,4.047967653568851
2025-01-22 00:00:00+00:00,-2.348829982684564,-0.17412093,-0.86816955,-0.5211452,-1,2.348829982684564
2025-01-23 00:00:00+00:00,0.2962783076025932,-0.57950985,0.14673828,-0.21638578,-1,-0.2962783076025932
2025-01-24 00:00:00+00:00,0.8265785680243276,1.403701,1.079747,1.241724,1,0.8265785680243276
2025-01-25 00:00:00+00:00,-0.1000156966284415,0.13656281,0.20254442,0.16955361,1,-0.1000156966284415
2025-01-26 00:00:00+00:00,-1.9406534499448849,-1.5374954,-2.0686953,-1.8030953,-1,1.9406534499448849
2025-01-27 00:00:00+00:00,-0.5792734886665207,-1.6570656,-2.0177193,-1.8373924,-1,0.5792734886665207
2025-01-28 00:00:00+00:00,-0.7397669160641884,-1.8430082,-1.7351114,-1.7890598,-1,0.7397669160641884
2025-01-29 00:00:00+00:00,2.339560282569209,1.0399958,1.016946,1.0284709,1,2.339560282569209
2025-01-30 00:00:00+00:00,0.9952379879751394,1.5976373,0.99325645,1.2954469,1,0.9952379879751394
2025-01-31 00:00:00+00:00,-2.2249243050878498,-1.82642,-1.6788725,-1.7526462,-1,2.2249243050878498
2025-02-01 00:00:00+00:00,-1.7080384621634526,-2.3291705,-2.2281299,-2.2786503,-1,1.7080384621634526
2025-02-02 00:00:00+00:00,-2.947596219670423,-2.7441032,-3.3913677,-3.0677354,-1,2.947596219670423
2025-02-03 00:00:00+00:00,3.804365081173988,5.572118,4.1700025,4.8710604,1,3.804365081173988
2025-02-04 00:00:00+00:00,-3.4846278405663456,-0.2866667,-0.32015103,-0.30340886,-1,3.4846278405663456
2025-02-05 00:00:00+00:00,-1.2836943218062724,-1.4928226,-1.2719388,-1.3823807,-1,1.2836943218062724
2025-02-06 00:00:00+00:00,-0.0229243237748977,-1.1245129,-0.61761403,-0.8710635,-1,0.0229243237748977
2025-02-07 00:00:00+00:00,-0.0664755625673474,-0.56479734,-0.29090783,-0.42785257,-1,0.0664755625673474
2025-02-08 00:00:00+00:00,-0.0483095970992497,-0.3402638,-0.08392734,-0.21209557,-1,0.0483095970992497
2025-02-09 00:00:00+00:00,0.0182837650045453,-0.69072443,-0.24794354,-0.46933398,-1,-0.0182837650045453
2025-02-10 00:00:00+00:00,0.9714611676219232,0.2318515,0.59128314,0.41156733,1,0.9714611676219232
2025-02-11 00:00:00+00:00,-1.7345724709743937,-1.607853,-1.1090249,-1.358439,-1,1.7345724709743937
2025-02-12 00:00:00+00:00,2.233406885677658,0.55560404,0.75066555,0.6531348,1,2.233406885677658
2025-02-13 00:00:00+00:00,-1.2892487184132717,-0.47920582,-0.8444549,-0.66183037,-1,1.2892487184132717
2025-02-14 00:00:00+00:00,0.916027880339798,1.1253382,1.3976269,1.2614825,1,0.916027880339798
2025-02-15 00:00:00+00:00,0.0732064069747462,0.41106263,0.53185457,0.4714586,1,0.0732064069747462
2025-02-16 00:00:00+00:00,-1.44016729802402,-1.7319875,-0.7902255,-1.2611065,-1,1.44016729802402
2025-02-17 00:00:00+00:00,-0.4176223623530095,-1.842462,-2.1360812,-1.9892716,-1,0.4176223623530095
2025-02-18 00:00:00+00:00,-0.2441554538778145,-0.7973182,-0.53080297,-0.6640606,-1,0.2441554538778145
2025-02-19 00:00:00+00:00,1.1472343504350446,1.1360375,1.734039,1.4350382,1,1.1472343504350446
2025-02-20 00:00:00+00:00,1.7574558032842136,1.8115714,1.3744307,1.593001,1,1.7574558032842136
2025-02-21 00:00:00+00:00,-2.245807176184722,-1.7227983,-1.5153338,-1.619066,-1,2.245807176184722
2025-02-22 00:00:00+00:00,0.4704378307340606,-0.66344196,-0.54043543,-0.6019387,-1,-0.4704378307340606
2025-02-23 00:00:00+00:00,-0.3146023933273345,-0.46169296,-0.050203104,-0.25594804,-1,0.3146023933273345
2025-02-24 00:00:00+00:00,-5.043681513571874,-6.8450336,-5.6968594,-6.2709465,-1,5.043681513571874
2025-02-25 00:00:00+00:00,-2.9337712021491935,-3.1534266,-3.184362,-3.1688943,-1,2.9337712021491935
2025-02-26 00:00:00+00:00,-4.94629004695274,-5.608345,-5.4698834,-5.539114,-1,4.94629004695274
2025-02-27 00:00:00+00:00,0.4234922709094535,-1.9452837,-1.0366014,-1.4909425,-1,-0.4234922709094535
2025-02-28 00:00:00+00:00,-0.3910297790814532,-0.025414351,0.33877283,0.15667924,1,-0.3910297790814532
2025-03-01 00:00:00+00:00,1.9661575342751147,1.2698092,1.3006004,1.2852049,1,1.9661575342751147
2025-03-02 00:00:00+00:00,9.550452979612857,9.582296,7.6736546,8.627975,1,9.550452979612857
2025-03-03 00:00:00+00:00,-8.682040111941614,-3.7700584,-5.8594985,-4.8147783,-1,8.682040111941614
2025-03-04 00:00:00+00:00,1.3437685575495406,-2.0716136,-0.039203037,-1.0554082,-1,-1.3437685575495406
2025-03-05 00:00:00+00:00,3.899657851208138,1.9520622,2.5698078,2.260935,1,3.899657851208138
2025-03-06 00:00:00+00:00,-0.7303133084179958,-0.07814082,0.60609204,0.26397562,1,-0.7303133084179958
2025-03-07 00:00:00+00:00,-3.57824911826653,-1.3586818,-1.515549,-1.4371154,-1,3.57824911826653
2025-03-08 00:00:00+00:00,-0.6779571257010009,-1.1193198,-0.66387343,-0.8915966,-1,0.6779571257010009
2025-03-09 00:00:00+00:00,-6.44603432710168,-6.606628,-8.289594,-7.4481106,-1,6.44603432710168
2025-03-10 00:00:00+00:00,-2.567012890361897,-4.517823,-5.348125,-4.932974,-1,2.567012890361897
2025-03-11 00:00:00+00:00,5.513944554449135,4.5861816,3.9592676,4.2727246,1,5.513944554449135
2025-03-12 00:00:00+00:00,1.0380466895202334,2.1070964,1.9749014,2.040999,1,1.0380466895202334
2025-03-13 00:00:00+00:00,-3.17197970748182,-2.361672,-2.949241,-2.6554565,-1,3.17197970748182
2025-03-14 00:00:00+00:00,3.580259620308812,1.5572234,1.7574283,1.6573259,1,3.580259620308812
2025-03-15 00:00:00+00:00,0.4454112352525463,0.67680246,0.5652676,0.62103504,1,0.4454112352525463
2025-03-16 00:00:00+00:00,-2.0907717157540473,-1.4847963,-1.5608974,-1.5228468,-1,2.0907717157540473
2025-03-17 00:00:00+00:00,1.8115835083536649,0.7294703,0.673144,0.7013072,1,1.8115835083536649
2025-03-18 00:00:00+00:00,-1.6142449028442418,-0.7531328,-1.4426306,-1.0978818,-1,1.6142449028442418
2025-03-19 00:00:00+00:00,4.9997601050550955,3.210944,3.1453362,3.1781402,1,4.9997601050550955
2025-03-20 00:00:00+00:00,-3.093725379117185,0.22951008,-0.98765063,-0.37907028,-1,3.093725379117185
2025-03-21 00:00:00+00:00,-0.1472701146091215,0.8848984,0.6850117,0.784955,1,-0.1472701146091215
2025-03-22 00:00:00+00:00,-0.2507730627880788,0.4197396,0.09872425,0.25923193,1,-0.2507730627880788
2025-03-23 00:00:00+00:00,2.6503933905394295,3.26128,3.017673,3.1394765,1,2.6503933905394295
2025-03-24 00:00:00+00:00,1.6786352378946434,2.3892317,1.7651995,2.0772157,1,1.6786352378946434
2025-03-25 00:00:00+00:00,-0.0310986002415525,0.039525174,-0.37585965,-0.16816723,-1,0.0310986002415525
2025-03-26 00:00:00+00:00,-0.652577110204744,-0.66180384,-0.8959895,-0.7788967,-1,0.652577110204744
2025-03-27 00:00:00+00:00,0.3178549412391707,0.37180594,0.44918594,0.41049594,1,0.3178549412391707
2025-03-28 00:00:00+00:00,-3.2393289916566204,-3.2593098,-3.5353405,-3.397325,-1,3.2393289916566204
2025-03-29 00:00:00+00:00,-2.0812056603918605,-4.469358,-4.5698643,-4.5196114,-1,2.0812056603918605
2025-03-30 00:00:00+00:00,-0.3184869109843613,-2.2721498,-1.2050645,-1.7386072,-1,0.3184869109843613
2025-03-31 00:00:00+00:00,0.2603897078031325,-0.51936924,0.11630542,-0.20153192,-1,-0.2603897078031325
2025-04-01 00:00:00+00:00,3.17418810684309,2.8953679,3.0814993,2.9884336,1,3.17418810684309
2025-04-02 00:00:00+00:00,-3.1507420800550134,-2.4372451,-1.7218517,-2.0795484,-1,3.1507420800550134
2025-04-03 00:00:00+00:00,0.7481504135517403,-0.8155088,-0.65979344,-0.7376511,-1,-0.7481504135517403
2025-04-04 00:00:00+00:00,0.8916382019940938,0.82166994,1.2136471,1.0176585,1,0.8916382019940938
2025-04-05 00:00:00+00:00,-0.4043325726492686,-0.16393766,0.49804872,0.16705553,1,-0.4043325726492686
2025-04-06 00:00:00+00:00,-6.3353396427263675,-4.7033916,-5.095634,-4.899513,-1,6.3353396427263675
2025-04-07 00:00:00+00:00,1.305195029613082,0.27895153,0.48705992,0.38300574,1,1.305195029613082
2025-04-08 00:00:00+00:00,-3.739976334343409,-2.1041355,-2.9133215,-2.5087285,-1,3.739976334343409
2025-04-09 00:00:00+00:00,8.26253916648998,6.2153087,3.8372715,5.02629,1,8.26253916648998
2025-04-10 00:00:00+00:00,-3.56990599146636,-0.5014583,-0.5419721,-0.52171516,-1,3.56990599146636
2025-04-11 00:00:00+00:00,4.745546227457886,2.0432892,2.3395362,2.1914127,1,4.745546227457886
2025-04-12 00:00:00+00:00,2.256791727173346,2.8969364,2.7185605,2.8077483,1,2.256791727173346
2025-04-13 00:00:00+00:00,-1.878516957885823,-0.88819706,-0.0069833808,-0.44759023,-1,1.878516957885823
2025-04-14 00:00:00+00:00,1.0245734631468162,-0.16682188,0.027568005,-0.06962694,-1,-1.0245734631468162
2025-04-15 00:00:00+00:00,-1.033089354397465,-0.60258895,-0.009316955,-0.30595297,-1,1.033089354397465
2025-04-16 00:00:00+00:00,0.4360934564412222,0.8392653,0.6405759,0.7399206,1,0.4360934564412222
2025-04-17 00:00:00+00:00,1.025637449930672,1.2052599,0.7065016,0.95588076,1,1.025637449930672
2025-04-18 00:00:00+00:00,-0.5241078764249063,0.14966412,-0.60198575,-0.22616082,-1,0.5241078764249063
2025-04-19 00:00:00+00:00,0.7254038339443714,0.6380585,0.17412107,0.40608978,1,0.7254038339443714
